vertical,row,company,status,decision_maker,role,source,linkedin_profile,company_linkedin,linkedin_search,verified_general_email,email_source,domain,suggested_email_format_UNVERIFIED,note
01-fashion-streetwear,1,Emmy Kasbit,researched,Emmanuel Okoro,Founder and creative director,https://lagosfashionweek.ng/designers/emmy-kasbit,,,https://www.linkedin.com/search/results/people/?keywords=Emmanuel+Okoro+Emmy+Kasbit,,,,,Won the Fashion Focus Prize at Lagos Fashion Week 2017. No published email found.
01-fashion-streetwear,2,Ashluxe,researched,Yinka Ash (Olayinka Ashogbon),Founder and CEO,https://guardian.ng/life/yinka-ash-reimagining-streetwear-in-africa/,https://ng.linkedin.com/in/yinka-ash,,https://www.linkedin.com/search/results/people/?keywords=Yinka+Ash+%28Olayinka+Ashogbon%29+Ashluxe,,,,,The full name Olayinka Ashogbon comes from a single blog source. No published email found.
01-fashion-streetwear,3,WafflesnCream,researched,Jomi Marcus-Bello,Co-founder,https://nataal.com/waf-skatepark,https://www.linkedin.com/in/jomi-bello-799b33204/,,https://www.linkedin.com/search/results/people/?keywords=Jomi+Marcus-Bello+WafflesnCream,,,,,No published email found.
01-fashion-streetwear,3,WafflesnCream,researched,Nifemi Marcus-Bello,Co-founder,https://nataal.com/waf-skatepark,,,https://www.linkedin.com/search/results/people/?keywords=Nifemi+Marcus-Bello+WafflesnCream,,,,,No published email found.
01-fashion-streetwear,3,WafflesnCream,researched,KC Obijiaku,Co-founder,https://nataal.com/waf-skatepark,,,https://www.linkedin.com/search/results/people/?keywords=KC+Obijiaku+WafflesnCream,,,,,No published email found.
01-fashion-streetwear,4,Orange Culture,researched,Adebayo Oke-Lawal,"Founder, CEO and creative director",https://www.businessoffashion.com/community/people/adebayo-oke-lawal,,,https://www.linkedin.com/search/results/people/?keywords=Adebayo+Oke-Lawal+Orange+Culture,,,,,LVMH Prize shortlist. No published email found.
01-fashion-streetwear,5,Kenneth Ize,researched,Kenneth Ize,Founder and designer,https://en.wikipedia.org/wiki/Kenneth_Ize,,,https://www.linkedin.com/search/results/people/?keywords=Kenneth+Ize+Kenneth+Ize,,,,,"Studio in Yaba, Lagos. No published email found."
01-fashion-streetwear,6,Maki Oh,researched,Amaka Osakwe,Founder and designer,https://www.lvmhprize.com/en/maki-oh,,,https://www.linkedin.com/search/results/people/?keywords=Amaka+Osakwe+Maki+Oh,,,,,"Most coverage dates from 2013 to 2018, so current activity is unconfirmed."
01-fashion-streetwear,7,Andrea Iyamah,researched,Andrea Dumebi Iyamah,Founder and designer,https://lingeriebriefs.com/2024/05/05/andrea-iyamah-adventurous-high-fashion-swimwear-with-an-african-flair/,https://ca.linkedin.com/in/andrea-iyamah-200512a2,,https://www.linkedin.com/search/results/people/?keywords=Andrea+Dumebi+Iyamah+Andrea+Iyamah,press@andreaiyamah.com,https://lingeriebriefs.com/2024/05/05/andrea-iyamah-adventurous-high-fashion-swimwear-with-an-african-flair/,andreaiyamah.com,,Press address published in a 2024 feature. admin@ appears only on a directory listing.
01-fashion-streetwear,8,Lisa Folawiyo,researched,Lisa Folawiyo,Founder and creative director,https://en.wikipedia.org/wiki/Lisa_Folawiyo,https://www.linkedin.com/in/lisa-folawiyo-587b181b/,,https://www.linkedin.com/search/results/people/?keywords=Lisa+Folawiyo+Lisa+Folawiyo,info@lisafolawiyo.com,Earlier research pass (published general address),lisafolawiyo.com,,Showrooms in Lagos and New York.
01-fashion-streetwear,9,Tia Adeola,researched,Teniola Tia Adeola,Founder and creative director,https://lagosfashionweek.ng/designers/tia-adeola,,https://www.linkedin.com/company/tiaadeola,https://www.linkedin.com/search/results/people/?keywords=Teniola+Tia+Adeola+Tia+Adeola,,,,,The brand operates mainly from New York. No press email found.
01-fashion-streetwear,10,Tokyo James,researched,Iniye Tokyo James,Founder and designer,https://industrieafrica.com/resources/designers/tokyo-james,,,https://www.linkedin.com/search/results/people/?keywords=Iniye+Tokyo+James+Tokyo+James,,,,,British-Nigerian label founded in 2015. No published email found.
01-fashion-streetwear,11,Fruche,researched,Frank Aghuno,Founder and creative director,https://www.essence.com/fashion/frank-aghuno-fruche-interview/,https://www.linkedin.com/in/frank-aghuno-82459aaa/,,https://www.linkedin.com/search/results/people/?keywords=Frank+Aghuno+Fruche,,,,,"Fruche is a womenswear label, so the list entry 'contemporary menswear' is wrong."
01-fashion-streetwear,12,Pepper Row,researched,Omafume Niemogha,Founder and creative director,https://industrieafrica.com/resources/designers/pepper-row,https://www.linkedin.com/in/omafumeniemogha-62799157/,,https://www.linkedin.com/search/results/people/?keywords=Omafume+Niemogha+Pepper+Row,,,,,
01-fashion-streetwear,13,Maxivive,researched,Papa (Babatunde) Oyeyemi,Founder and creative director,https://www.glamcult.com/?p=54197,https://www.linkedin.com/in/papa-oyeyemi-6436a557/,,https://www.linkedin.com/search/results/people/?keywords=Papa+%28Babatunde%29+Oyeyemi+Maxivive,,,,,Runs the Maxivive Group of Fashion Brands.
01-fashion-streetwear,14,Bloke,researched,Faith Oluwajimi,Founder and designer,https://metalmagazine.eu/post/bloke-unwalked-paths,https://www.linkedin.com/in/faitholuwajimi/,,https://www.linkedin.com/search/results/people/?keywords=Faith+Oluwajimi+Bloke,,,,,
01-fashion-streetwear,15,Vivendii,researched,Jimmy Ayeni,Co-founder,https://culturecustodian.com/custodian-interview-jimmy-ayeni-of-modus-vivendii/,,,https://www.linkedin.com/search/results/people/?keywords=Jimmy+Ayeni+Vivendii,,,,,Also trades as Modus Vivendii and is based between Lagos and London.
01-fashion-streetwear,15,Vivendii,researched,Ola Badiru,Co-founder,https://culturecustodian.com/custodian-interview-jimmy-ayeni-of-modus-vivendii/,,,https://www.linkedin.com/search/results/people/?keywords=Ola+Badiru+Vivendii,,,,,Also trades as Modus Vivendii and is based between Lagos and London.
01-fashion-streetwear,15,Vivendii,researched,Anthony Oye,Co-founder,https://culturecustodian.com/custodian-interview-jimmy-ayeni-of-modus-vivendii/,,,https://www.linkedin.com/search/results/people/?keywords=Anthony+Oye+Vivendii,,,,,Also trades as Modus Vivendii and is based between Lagos and London.
01-fashion-streetwear,16,Nkwo,researched,Nkwo Onwuka,Founder and creative director,https://lagosfashionweek.ng/designers/nkwo,https://www.linkedin.com/in/nkwo-onwuka-a8117a23a/,,https://www.linkedin.com/search/results/people/?keywords=Nkwo+Onwuka+Nkwo,,,,,Brand name is NKWO.
01-fashion-streetwear,17,Re Lagos,unmatched,,,,,,,,,,,Could not be matched to a real Nigerian business. Confirm before outreach. No Lagos streetwear brand called Re Lagos found. Confirm the brand exists before outreach.
01-fashion-streetwear,18,Clan,researched,Teni Sagoe,Co-founder and creative director,https://businessday.ng/bd-weekender/article/nigerian-fashion-designers-you-should-get-to-know/,,,https://www.linkedin.com/search/results/people/?keywords=Teni+Sagoe+Clan,,,,,"CLAN is a womenswear label founded in 2011, not streetwear. Linked to designer Deola Sagoe (row 32)."
01-fashion-streetwear,18,Clan,researched,Aba Sagoe,Co-founder,https://www.farfetch.com/style-guide/brands/the-best-nigerian-fashion-designers-to-know,,,https://www.linkedin.com/search/results/people/?keywords=Aba+Sagoe+Clan,,,,,"CLAN is a womenswear label founded in 2011, not streetwear. Linked to designer Deola Sagoe (row 32)."
01-fashion-streetwear,18,Clan,researched,Tiwa Sagoe,Co-founder,https://www.farfetch.com/style-guide/brands/the-best-nigerian-fashion-designers-to-know,,,https://www.linkedin.com/search/results/people/?keywords=Tiwa+Sagoe+Clan,,,,,"CLAN is a womenswear label founded in 2011, not streetwear. Linked to designer Deola Sagoe (row 32)."
01-fashion-streetwear,19,TZAR Studios,researched,Ian Audifferen,Founder and designer,https://www.okayafrica.com/nigerian-label-tzars-black-white-menswear/217791,,,https://www.linkedin.com/search/results/people/?keywords=Ian+Audifferen+TZAR+Studios,,,,,Founder sources date from 2014 and 2015. Showed as Tzar Studio at Lagos Fashion Week SS23.
01-fashion-streetwear,20,Daily Paper (Nigeria),not_nigerian,Hussein Suleiman,Co-founder,https://hhv-journal.com/en/stories/a-brief-history-about-daily-paper/,,,https://www.linkedin.com/search/results/people/?keywords=Hussein+Suleiman+Daily+Paper+%28Nigeria%29,,,,,Amsterdam brand with no Lagos store found. Not a Nigerian business.
01-fashion-streetwear,20,Daily Paper (Nigeria),not_nigerian,Jefferson Osei,Co-founder,https://hhv-journal.com/en/stories/a-brief-history-about-daily-paper/,,,https://www.linkedin.com/search/results/people/?keywords=Jefferson+Osei+Daily+Paper+%28Nigeria%29,,,,,Amsterdam brand with no Lagos store found. Not a Nigerian business.
01-fashion-streetwear,20,Daily Paper (Nigeria),not_nigerian,Abderrahmane Trabsini,Co-founder,https://hhv-journal.com/en/stories/a-brief-history-about-daily-paper/,,,https://www.linkedin.com/search/results/people/?keywords=Abderrahmane+Trabsini+Daily+Paper+%28Nigeria%29,,,,,Amsterdam brand with no Lagos store found. Not a Nigerian business.
01-fashion-streetwear,21,Banke Kuku,researched,Banke Kuku-Lawson,Founder and designer,https://en.wikipedia.org/wiki/Banke_Kuku,https://www.linkedin.com/in/banke-kuku-40b37835/,,https://www.linkedin.com/search/results/people/?keywords=Banke+Kuku-Lawson+Banke+Kuku,,,,,
01-fashion-streetwear,22,Gozel Green,researched,Sylvia Enekwe-Ojei,Co-founder,https://lagosfashionweek.ng/designers/gozel-green,,,https://www.linkedin.com/search/results/people/?keywords=Sylvia+Enekwe-Ojei+Gozel+Green,,,,,
01-fashion-streetwear,22,Gozel Green,researched,Olivia Enekwe-Okoji,Co-founder,https://lagosfashionweek.ng/designers/gozel-green,,,https://www.linkedin.com/search/results/people/?keywords=Olivia+Enekwe-Okoji+Gozel+Green,,,,,
01-fashion-streetwear,23,Sisiano,researched,Paolo Sisiano,Founder and designer,https://industrieafrica.com/collections/sisiano,,,https://www.linkedin.com/search/results/people/?keywords=Paolo+Sisiano+Sisiano,,,,,"Unisex label, not only menswear. A shop page said a store closes on 30 April 2026, so check whether the brand is still trading."
01-fashion-streetwear,24,Adebayo Jones,researched,Adebayo Jones,Founder and designer,https://levogue.leadership.ng/luxury-couture-experience-africa-fashion-week-toronto/,,,https://www.linkedin.com/search/results/people/?keywords=Adebayo+Jones+Adebayo+Jones,,,,,"Based in London, not Nigeria. Trades as Adebayo Jones Luxury."
01-fashion-streetwear,25,Mai Atafo,researched,Mai (Ohimai) Atafo,Founder and creative director,https://www.wikipedia.org/wiki/Mai_Atafo,,,https://www.linkedin.com/search/results/people/?keywords=Mai+%28Ohimai%29+Atafo+Mai+Atafo,,,,,The label was renamed Atafo. He is also Strategy Director at Firehouse Group.
01-fashion-streetwear,26,ABIOLA Collection,researched,Abiola Adeniran-Olusola,Founder and creative director,https://lionessesofafrica.com/blog/2023/5/14/abiola-olusola-a-designer-pushing-the-african-narrative-through-fashion,,,https://www.linkedin.com/search/results/people/?keywords=Abiola+Adeniran-Olusola+ABIOLA+Collection,,,,,No brand called ABIOLA Collection was found. The likely match is the Abiola Olusola label. The handle in the old PDF was corrupted.
01-fashion-streetwear,27,House of Kaya,researched,Ibrahim Abdulmumini,Founder,https://lagosfashionweek.ng/designers/house-of-kaya,,,https://www.linkedin.com/search/results/people/?keywords=Ibrahim+Abdulmumini+House+of+Kaya,,,,,"House of Kaya is a modest womenswear couture house in northern Nigeria, not a leather goods brand. FashionUnited names the designer as Ibrahim Aminu."
01-fashion-streetwear,28,Ilami,unmatched,,,,,,,,,,,Could not be matched to a real Nigerian business. Confirm before outreach. No Nigerian streetwear brand called Ilami was found. Confirm the brand exists before outreach.
01-fashion-streetwear,29,Lagos Space Programme,researched,Adeju Thompson,Founder and designer,https://collections.vam.ac.uk/item/O1724088/osun-seegesi-skirt-adeju-thompson,https://www.linkedin.com/in/adeju-thompson-707261253/,,https://www.linkedin.com/search/results/people/?keywords=Adeju+Thompson+Lagos+Space+Programme,,,,,Non-binary fashion design project founded in 2018.
01-fashion-streetwear,30,House of Irawo,researched,Temidola Ikomi,Co-founder,https://news.northeastern.edu/?p=144774,https://www.linkedin.com/in/dolaikomi/,,https://www.linkedin.com/search/results/people/?keywords=Temidola+Ikomi+House+of+Irawo,,,,,"Now trades as Irawo Studio, a womenswear brand run by a mother and three daughters. It is not a jewellery brand."
01-fashion-streetwear,30,House of Irawo,researched,Abby Ikomi,"Founder and creative director, Irawo Studio",https://www.linkedin.com/in/abby-ikomi-aab76b5a/,https://www.linkedin.com/in/abby-ikomi-aab76b5a/,,https://www.linkedin.com/search/results/people/?keywords=Abby+Ikomi+House+of+Irawo,,,,,"Now trades as Irawo Studio, a womenswear brand run by a mother and three daughters. It is not a jewellery brand."
01-fashion-streetwear,31,Hudayya,researched,Hudayya Fadoul Abacha,"Founder and CEO, Hudayya Couture Ltd",https://www.glamour.co.za/fashion/trends/10-trendy-absolutely-amazing-hudayya-woman-designs-25809373,,,https://www.linkedin.com/search/results/people/?keywords=Hudayya+Fadoul+Abacha+Hudayya,,,,,Based in Abuja. The modest ready-to-wear line is Hudayya Woman.
01-fashion-streetwear,32,Deola Sagoe,researched,Deola Sagoe,"Founder and CEO, House of Deola",https://businessday.ng/offduty/article/deola-sagoe-haute-couture-fashionista-26-years-of-alluring-expertise-still-counting/,,https://ng.linkedin.com/company/deolasagoe,https://www.linkedin.com/search/results/people/?keywords=Deola+Sagoe+Deola+Sagoe,,,,,"Registered as Deola Sagoe Limited, Victoria Island."
01-fashion-streetwear,33,Frank Oshodi,researched,Frank Osodi,"Founder and head, Bunor Creazioni",https://africafashionweek.com/magazine/frank-osodi-of-africa-fashion-week-new-york-native-vogue-international-fashion-week-port-harcourt-september-20th-22nd-2013/,,,https://www.linkedin.com/search/results/people/?keywords=Frank+Osodi+Frank+Oshodi,,,,,The name is usually spelled Osodi. Labels are House of Bunor and Frank Osodi for Bunor. The source dates from 2013.
01-fashion-streetwear,34,Zephans & Co,researched,Nkiru (Kiki) Achukwu,Founder and creative director,https://businessday.ng/news/article/nkiru-achukwu-global-stage-presence-makes-powerful-economic-statement/,https://ng.linkedin.com/in/nkiru-achukwu-ayemere-066a04176,,https://www.linkedin.com/search/results/people/?keywords=Nkiru+%28Kiki%29+Achukwu+Zephans+%26+Co,,,,,Stores in Abuja and Lagos.
01-fashion-streetwear,35,JZO,researched,Joseph O. Ike,Co-founder and creative director,https://guardian.ng/saturday-magazine/life-a-style/fashion-focus-jzo-designs/,,,https://www.linkedin.com/search/results/people/?keywords=Joseph+O.+Ike+JZO,,,,,Based in Kaduna and Lagos.
01-fashion-streetwear,35,JZO,researched,Olamide Akindeinde,Co-founder and creative director,https://guardian.ng/saturday-magazine/life-a-style/fashion-focus-jzo-designs/,,,https://www.linkedin.com/search/results/people/?keywords=Olamide+Akindeinde+JZO,,,,,Based in Kaduna and Lagos.
01-fashion-streetwear,36,Knanfe,researched,Jemimah Nanfe Kefas-Oyeleke,Founder and creative director,https://sheerluxe.com/fashion/shopping/cool-african-fashion-brands-to-know,,,https://www.linkedin.com/search/results/people/?keywords=Jemimah+Nanfe+Kefas-Oyeleke+Knanfe,,,,,"Womenswear label based in Abuja, not a leather brand."
01-fashion-streetwear,37,Grey Projects,closed,Rukky Ladoja,Co-founder and former creative director (now runs Dye Lab),https://www.stylerave.com/grey-projects-close-closing/,,,https://www.linkedin.com/search/results/people/?keywords=Rukky+Ladoja+Grey+Projects,,,,,"Business has closed. Grey Projects closed in mid-2019. Remove it from outreach, or pitch Dye Lab instead."
01-fashion-streetwear,38,Post Imperial,researched,Niyi Okuboyejo,Founder and designer,https://wallpaper.com/fashion/post-imperial-niyi-okuboyejo-profile,https://www.linkedin.com/in/niyiokuboyejo/,,https://www.linkedin.com/search/results/people/?keywords=Niyi+Okuboyejo+Post+Imperial,,,,,"Based in New York, with production in Nigeria."
01-fashion-streetwear,39,Onalaja,researched,Kanyinsola Onalaja,Founder and designer,https://www.essence.com/fashion/kanyinsola-onalaja-designer-feature,,,https://www.linkedin.com/search/results/people/?keywords=Kanyinsola+Onalaja+Onalaja,,,,,
01-fashion-streetwear,40,Ejiro Amos Tafiri,researched,Ejiro Amos Tafiri,"Founder, CEO and creative director",https://businessday.ng/bd-weekender/article/how-ejiro-amos-tafiri-preserves-nigerian-culture-fashion-into-timeless-global-statements/,https://www.linkedin.com/in/ejiro-amos-tafiri-27423993/,,https://www.linkedin.com/search/results/people/?keywords=Ejiro+Amos+Tafiri+Ejiro+Amos+Tafiri,,,,,
01-fashion-streetwear,41,Kelechi Amadi-Obi,researched,Kelechi Amadi-Obi,"Founder, photographer and publisher of Mania Magazine",https://en.wikipedia.org/wiki/Kelechi_Amadi-Obi,https://www.linkedin.com/in/kelechi-amadi-obi-642724a/,,https://www.linkedin.com/search/results/people/?keywords=Kelechi+Amadi-Obi+Kelechi+Amadi-Obi,,,kelechiamadiobi.com,,Domain is from Wikipedia. Studio address and phone come from a 2016 listing.
01-fashion-streetwear,42,IAMISIGO,researched,Bubu Ogisi,Founder and designer,https://www.lvmhprize.com/en/iamisigo,https://www.linkedin.com/in/bubu-ogisi-25073734/,,https://www.linkedin.com/search/results/people/?keywords=Bubu+Ogisi+IAMISIGO,,,,,"Based in Lagos, Nairobi and Accra."
01-fashion-streetwear,43,Kunbi Oyelese (April by Kunbi),researched,Olakunbi (Kunbi) Oyelese,Founder and designer,https://www.bellanaija.com/2016/08/kunbirella-her-king-bellanaija-weddings-presents-kunbi-oyelese-lanre-tomoris-wedding/,,,https://www.linkedin.com/search/results/people/?keywords=Olakunbi+%28Kunbi%29+Oyelese+Kunbi+Oyelese+%28April+by+Kunbi%29,,,,,"Sources date from 2012 to 2018, so check that the brand is still active."
01-fashion-streetwear,44,Lanre Da Silva Ajayi,researched,Lanre Da Silva Ajayi,Founder and creative director,https://www.bellanaija.com/2025/11/lanre-da-silva/,,,https://www.linkedin.com/search/results/people/?keywords=Lanre+Da+Silva+Ajayi+Lanre+Da+Silva+Ajayi,,,,,Marked 20 years of the label in November 2025.
01-fashion-streetwear,45,Style House Files,researched,Omoyemi Akerele,"Founder and CEO, Style House Files and Lagos Fashion Week",https://en.wikipedia.org/wiki/Omoyemi_Akerele,https://www.linkedin.com/in/omoyemi-akerele-26806541/,,https://www.linkedin.com/search/results/people/?keywords=Omoyemi+Akerele+Style+House+Files,,,,,
01-fashion-streetwear,46,T.I Nathan,researched,Temitayo Ilesanmi Nathan,Creative director,https://lagosfashionweek.ng/designers/t-i-nathan,,,https://www.linkedin.com/search/results/people/?keywords=Temitayo+Ilesanmi+Nathan+T.I+Nathan,,,tinathan.com,,"Sources date from 2013 to 2016, so current activity is unconfirmed."
01-fashion-streetwear,47,BFNLAGOS,unmatched,,,,,,,,,,,Could not be matched to a real Nigerian business. Confirm before outreach. No fashion collective called BFNLAGOS was found. Confirm the brand exists before outreach.
01-fashion-streetwear,48,Dzyn Lagos,researched,Ogwa Iweze,Co-founder and creative director,https://lagosfashionweek.ng/designers/dzyn,,,https://www.linkedin.com/search/results/people/?keywords=Ogwa+Iweze+Dzyn+Lagos,,,,,"DZYN is a womenswear label, possibly based in Abuja. No Lagos retail store was confirmed."
01-fashion-streetwear,48,Dzyn Lagos,researched,Ofure Iweze,Co-founder and creative director,https://lagosfashionweek.ng/designers/dzyn,,,https://www.linkedin.com/search/results/people/?keywords=Ofure+Iweze+Dzyn+Lagos,,,,,"DZYN is a womenswear label, possibly based in Abuja. No Lagos retail store was confirmed."
01-fashion-streetwear,49,Emmy Collins,researched,Emeka (Emmy) Collins,"Founder and creative director, Emmy Collins London",https://businessday.ng/life-arts/article/emmy-collins-london-returns-with-a-bang/,,,https://www.linkedin.com/search/results/people/?keywords=Emeka+%28Emmy%29+Collins+Emmy+Collins,,,,,Headquartered in London and returned to Lagos in December 2023.
01-fashion-streetwear,50,Ituen Basi,researched,Ituen Bassey,Founder and designer,https://lagosfashionweek.ng/designers/iteun-basi,,,https://www.linkedin.com/search/results/people/?keywords=Ituen+Bassey+Ituen+Basi,,,,,The latest coverage found is from 2017.
02-beauty-personal-care,1,Nuban Beauty,researched,Stella Ndekile,Founder and CEO,https://nairametrics.com/2024/10/13/meet-9-founders-in-nigerias-multi-billion-dollar-beauty-industry/,https://ng.linkedin.com/in/stella-ndekile,,https://www.linkedin.com/search/results/people/?keywords=Stella+Ndekile+Nuban+Beauty,,,,,
02-beauty-personal-care,2,Arami Essentials,researched,Ore Runsewe,Founder and CEO,https://thebenchmark.com.ng/ore-runsewe-innovates-african-beauty-with-arami-essentials/,https://ng.linkedin.com/in/ore-lawani-8325a536,,https://www.linkedin.com/search/results/people/?keywords=Ore+Runsewe+Arami+Essentials,,,,,Some sources give her surname as Lawani.
02-beauty-personal-care,3,Zaron Cosmetics,researched,Oke Maduewesi,"Founder and CEO, Zaron group",https://leadingladiesafrica.org/?p=30422,https://www.linkedin.com/in/oke-maduewesi-273739127/,,https://www.linkedin.com/search/results/people/?keywords=Oke+Maduewesi+Zaron+Cosmetics,,,,,
02-beauty-personal-care,4,House of Tara,researched,Rosemary Layode,Managing Director (appointed April 2025),https://nairametrics.com/?p=512625,https://ng.linkedin.com/in/rosemary-layode-salesexpert01,,https://www.linkedin.com/search/results/people/?keywords=Rosemary+Layode+House+of+Tara,,,,,The founder handed day-to-day leadership to the new MD.
02-beauty-personal-care,4,House of Tara,researched,Tara Fela-Durotoye,Founder,https://en.wikipedia.org/wiki/Tara_Fela-Durotoye,https://ng.linkedin.com/in/tara-fela-durotoye-862103150,,https://www.linkedin.com/search/results/people/?keywords=Tara+Fela-Durotoye+House+of+Tara,,,,,The founder handed day-to-day leadership to the new MD.
02-beauty-personal-care,5,R&R Luxury,researched,Valerie Obaze,Founder and CEO,https://www.beautyindependent.com/rr-skincare-showcases-african-roots-rebrand-readying-us-expansion/,https://www.linkedin.com/in/valerie-obaze-9ab16775/,,https://www.linkedin.com/search/results/people/?keywords=Valerie+Obaze+R%26R+Luxury,,,,,"Rebranded as R&R Skincare. The founder is based in Accra, and the Lekki flagship opened in 2013."
02-beauty-personal-care,6,Hegai & Esther,researched,Gbemisola Adebayo,Founder and Managing Director,https://www.thisdaylive.com/2023/01/27/hegai-esthers-artist-support-initiative-set-to-aid-talented-makeup-artists/,,,https://www.linkedin.com/search/results/people/?keywords=Gbemisola+Adebayo+Hegai+%26+Esther,,,,,The source describes the company mainly as a makeup business.
02-beauty-personal-care,7,BN Beauty,researched,Uche Pedro,"Founder and CEO, BellaNaija",https://weforum.org/people/uche-pedro,https://www.linkedin.com/in/uchepedro/,,https://www.linkedin.com/search/results/people/?keywords=Uche+Pedro+BN+Beauty,,,,,"BN Beauty is part of BellaNaija, so this duplicates 02/32 (Spa by BN) and 09/26 (BellaNaija). Contact BellaNaija once."
02-beauty-personal-care,8,Base Nigeria,unmatched,,,,,,,,,,,Could not be matched to a real Nigerian business. Confirm before outreach. No beauty e-commerce platform at base.ng was found. Confirm the company exists before outreach.
02-beauty-personal-care,9,Epara Skincare,researched,Ozohu Adoh,Founder,https://nataal.com/epara,,,https://www.linkedin.com/search/results/people/?keywords=Ozohu+Adoh+Epara+Skincare,,,,,"Based in the UK, though the brand has launched in Lagos. Sources are several years old."
02-beauty-personal-care,10,Lush Hair Nigeria,researched,Vivian Obiano,Marketing Manager,https://themirroronline.com.ng/lush-hair-introduces-lush-nova-line-redefining-african-beauty-standards-at-fashion-week-2025,https://www.linkedin.com/in/vivian-obiano-148485106/,,https://www.linkedin.com/search/results/people/?keywords=Vivian+Obiano+Lush+Hair+Nigeria,,,,,A Lucky Fibres Ltd brand. No current MD was found. The marketing contacts are the best entry point for a brand pitch.
02-beauty-personal-care,10,Lush Hair Nigeria,researched,Omoruyi Bello-Osagie,Brand Manager,https://www.brandtimes.com.ng/?p=28628,,,https://www.linkedin.com/search/results/people/?keywords=Omoruyi+Bello-Osagie+Lush+Hair+Nigeria,,,,,A Lucky Fibres Ltd brand. No current MD was found. The marketing contacts are the best entry point for a brand pitch.
02-beauty-personal-care,11,TW Magazine Beauty,researched,Adesuwa Onyenokwe,"Founder, publisher and editor-in-chief",https://leadingladiesafrica.org/adesuwa-onyenokwe-launches-vlog-series-watch/,https://www.linkedin.com/in/adesuwa-onyenokwe-994311103/,,https://www.linkedin.com/search/results/people/?keywords=Adesuwa+Onyenokwe+TW+Magazine+Beauty,,,,,"Sources are older, so confirm her current title."
02-beauty-personal-care,11,TW Magazine Beauty,researched,Amaka Onyenokwe,"Editor, publisher and design director",https://www.linkedin.com/in/amaka-onyenokwe-0926a81a/,https://www.linkedin.com/in/amaka-onyenokwe-0926a81a/,,https://www.linkedin.com/search/results/people/?keywords=Amaka+Onyenokwe+TW+Magazine+Beauty,,,,,"Sources are older, so confirm her current title."
02-beauty-personal-care,12,Labelle (by Beauty Shea),unmatched,,,,,,,,,,,Could not be matched to a real Nigerian business. Confirm before outreach. No brand called Labelle Naturals (or Beauty Shea) was found. Confirm the brand exists before outreach.
02-beauty-personal-care,13,KimOra Beauty,unmatched,,,,,,,,,,,Could not be matched to a real Nigerian business. Confirm before outreach. No brand called KimOra Beauty was found. Confirm the brand exists before outreach.
02-beauty-personal-care,14,Sleek Studio,researched,Ebele Ugochukwu,Group CEO,https://www.bellanaija.com/?p=617690,,,https://www.linkedin.com/search/results/people/?keywords=Ebele+Ugochukwu+Sleek+Studio,,,,,"Source dates from 2015, so current leadership is unconfirmed."
02-beauty-personal-care,15,Tara Beauty Bar,unmatched,,,,,,,,,,,Could not be matched to a real Nigerian business. Confirm before outreach. No business called Tara Beauty Bar was found. It is probably part of House of Tara (02/4). Merge it or drop it.
02-beauty-personal-care,16,Darling Hair Nigeria,researched,Kayode Oladapo,"CEO, Godrej West Africa (owner of Darling)",https://thecable.ng/godrej-taps-kayode-oladapo-as-first-nigerian-ceo-to-lead-expansion-in-west-africa,https://ng.linkedin.com/in/kayode-oladapo-43620024,,https://www.linkedin.com/search/results/people/?keywords=Kayode+Oladapo+Darling+Hair+Nigeria,,,,,"Darling is owned by Godrej Consumer Products (India), not East African owned as the old list says. Pitch the local marketing lead."
02-beauty-personal-care,17,BMPRO,researched,Banke Meshida Lawal,Founder and CEO,https://leadingladiesafrica.org/ladybossquickfive-banke-meshida-lawal-of-bmpro-cosmetics-says-if-she-wasnt-an-entrepreneur-she-would-have-become-a-diplomat,https://www.linkedin.com/in/banke-meshida-lawal-a670335a/,,https://www.linkedin.com/search/results/people/?keywords=Banke+Meshida+Lawal+BMPRO,,,,,
02-beauty-personal-care,18,Dodos Skincare,unmatched,,,,,,,,,,,"Could not be matched to a real Nigerian business. Confirm before outreach. No brand called Dodos Skincare was found. A creator called Dodos Uvieghara (Iamdodos) exists, but no skincare line was confirmed."
02-beauty-personal-care,19,TOPICALS Nigeria,not_nigerian,Sukiana Chancy,CEO,https://www.blackenterprise.com/topicals-olamide-olowe-steps-down-ceo/,,,https://www.linkedin.com/search/results/people/?keywords=Sukiana+Chancy+TOPICALS+Nigeria,,,,,"Not a Nigerian business. US company with a Nigerian-American founder. It launched in Nigeria in June 2024. It is VC-backed with in-house brand teams, so it is a weak fit."
02-beauty-personal-care,19,TOPICALS Nigeria,not_nigerian,Olamide Olowe,Founder,https://www.blackenterprise.com/topicals-olamide-olowe-steps-down-ceo/,,,https://www.linkedin.com/search/results/people/?keywords=Olamide+Olowe+TOPICALS+Nigeria,,,,,"Not a Nigerian business. US company with a Nigerian-American founder. It launched in Nigeria in June 2024. It is VC-backed with in-house brand teams, so it is a weak fit."
02-beauty-personal-care,20,Dudu-Osun,researched,Abiola Ogunrinde,"Founder, Tropical Naturals Ltd",https://skinsort.com/products/tropical-naturals-limited-face-cleansers,,,https://www.linkedin.com/search/results/people/?keywords=Abiola+Ogunrinde+Dudu-Osun,,,,,Founder information comes from a product-review site only. No current MD was found.
02-beauty-personal-care,21,Cantu Nigeria,not_nigerian,,,,,,,,,,,Not a Nigerian business. Cantu is a US brand owned by PDC Brands. There is no Nigerian entity to pitch a rebrand to.
02-beauty-personal-care,22,Skin101 Clinics,unmatched,,,,,,,,,,,"Could not be matched to a real Nigerian business. Confirm before outreach. Only an Abuja listing (Maitama) was found, with no named founder. This duplicates 08/30."
02-beauty-personal-care,23,Beauty Barn,unmatched,,,,,,,,,,,Could not be matched to a real Nigerian business. Confirm before outreach. No beauty store called Beauty Barn was found in Nigeria.
02-beauty-personal-care,24,OGX Nigeria,not_nigerian,,,,,,,,,,,Not a Nigerian business. OGX is a US brand owned by Kenvue. There is no Nigerian brand owner.
02-beauty-personal-care,25,Peau de Velours,unmatched,,,,,,,,,,,Could not be matched to a real Nigerian business. Confirm before outreach. No Nigerian skincare brand called Peau de Velours was found.
02-beauty-personal-care,26,Ivory Aesthetics,unmatched,,,,,,,,,,,Could not be matched to a real Nigerian business. Confirm before outreach. No Lagos clinic called Ivory Aesthetics was found. The only match is a dissolved UK company.
02-beauty-personal-care,27,Sade Baron,not_nigerian,Folosade (Sade) Lambo,Co-founder,https://wekh.ca/entrepreneurs/sade-baron/,,,https://www.linkedin.com/search/results/people/?keywords=Folosade+%28Sade%29+Lambo+Sade+Baron,,,,,Not a Nigerian business. Toronto company. No Nigerian operation found.
02-beauty-personal-care,27,Sade Baron,not_nigerian,Rachel Baron,Co-founder,https://wekh.ca/entrepreneurs/rachel-baron/,,,https://www.linkedin.com/search/results/people/?keywords=Rachel+Baron+Sade+Baron,,,,,Not a Nigerian business. Toronto company. No Nigerian operation found.
02-beauty-personal-care,28,Marini Naturals,not_nigerian,Michelle Ntalami,Founder and CEO,https://www.businessdailyafrica.com/bd/lifestyle/michelle-lets-down-her-hair-naturally--2105144,,,https://www.linkedin.com/search/results/people/?keywords=Michelle+Ntalami+Marini+Naturals,,,,,Not a Nigerian business. Kenyan brand based in Nairobi.
02-beauty-personal-care,29,Eden Cosmetics,unmatched,,,,,,,,,,,Could not be matched to a real Nigerian business. Confirm before outreach. No Nigerian brand called Eden Cosmetics was found.
02-beauty-personal-care,30,Nola Skincare,unmatched,,,,,,,,,,,Could not be matched to a real Nigerian business. Confirm before outreach. No Nigerian brand called Nola Skincare was found.
02-beauty-personal-care,31,Glam Africa Magazine,researched,Chioma Onwutalobi,Founder and publisher,https://africa.com/chioma-onwutalobi-on-creating-the-most-distributed-african-lifestyle-magazine,,,https://www.linkedin.com/search/results/people/?keywords=Chioma+Onwutalobi+Glam+Africa+Magazine,,,,,"Based in the UK, with distribution in Nigeria."
02-beauty-personal-care,32,Spa by BN,duplicate,,,,,,,,,,,"Duplicate. Spa by BN is part of BellaNaija, so this duplicates 02/7. No spa business under this name was confirmed."
02-beauty-personal-care,33,SavvyChic Beauty,unmatched,,,,,,,,,,,Could not be matched to a real Nigerian business. Confirm before outreach. No beauty e-commerce business called SavvyChic was found in Nigeria.
02-beauty-personal-care,34,Beautyworld Lagos,researched,Jamie Hill,"Managing Director, BtoB Events (organiser of Beauty West Africa)",https://beautywestafrica.com/beauty-west-africa-2022-will-be-biggest-ever,https://www.linkedin.com/in/jamie-hill-b7a8b211/,,https://www.linkedin.com/search/results/people/?keywords=Jamie+Hill+Beautyworld+Lagos,,,,,"There is no event called Beautyworld Lagos. The Lagos show is Beauty West Africa, which duplicates 02/37 (Beauty Africa)."
02-beauty-personal-care,35,African Naturalistas,unmatched,,,,,,,,,,,Could not be matched to a real Nigerian business. Confirm before outreach. No business called African Naturalistas was found. Kinky Apothecary (02/38) and Naturalistaslife (Sandra Alutu) are the nearest matches.
02-beauty-personal-care,36,MD Beauty Bar,unmatched,,,,,,,,,,,"Could not be matched to a real Nigerian business. Confirm before outreach. No business called MD Beauty Bar was found. A listing for MD Pro Makeovers & Beauty Spa in Lagos exists, with no named owner."
02-beauty-personal-care,37,Beauty Africa,duplicate,Jamie Hill,"Managing Director, BtoB Events (organiser of Beauty West Africa)",https://beautywestafrica.com/beauty-west-africa-2022-will-be-biggest-ever,,,https://www.linkedin.com/search/results/people/?keywords=Jamie+Hill+Beauty+Africa,,,,,Duplicate. Same expo as 02/34 (Beauty West Africa).
02-beauty-personal-care,38,Kinky Apothecary,researched,Nibi Lawson,Founder,https://leadingladiesafrica.org/?p=1154,,https://ng.linkedin.com/company/kinky-apothecary,https://www.linkedin.com/search/results/people/?keywords=Nibi+Lawson+Kinky+Apothecary,,,,,
02-beauty-personal-care,39,Nubi Hair,unmatched,,,,,,,,,,,Could not be matched to a real Nigerian business. Confirm before outreach. No Nigerian hair tools brand called Nubi was found.
02-beauty-personal-care,40,Olive Oil Skincare,unmatched,,,,,,,,,,,"Could not be matched to a real Nigerian business. Confirm before outreach. Skipped. 'Olive Oil Skincare' is a generic name with no identifiable Nigerian brand, and the handle in the old PDF was corrupted."
02-beauty-personal-care,41,MAC Nigeria,not_nigerian,,,,,,,,,,,"Not a Nigerian business. MAC Cosmetics is owned by Estee Lauder, and brand decisions are made globally. Drop it."
02-beauty-personal-care,42,Lipbar Nigeria,not_nigerian,,,,,,,,,,,Not a Nigerian business. The Lip Bar is a US brand based in Detroit. No Nigerian operation was found.
02-beauty-personal-care,43,Nivea Nigeria,subsidiary,,,,,,,,,,,"Local arm of a global brand. Brand decisions sit abroad. Beiersdorf Nivea Consumer Products Nigeria Ltd is a multinational subsidiary, and no country MD was named in the sources. Brand decisions are likely made at regional or global level, so this is a weak fit."
02-beauty-personal-care,44,Genevieve Magazine,researched,Betty Irabor,"Founder, publisher, editor-in-chief and CEO",https://en.wikipedia.org/wiki/Genevieve_Magazine,https://www.linkedin.com/in/betty-irabor-356183b0/,,https://www.linkedin.com/search/results/people/?keywords=Betty+Irabor+Genevieve+Magazine,,,,,Published by Sonia Publications Ltd and headquartered in Lekki. The handle in the old PDF was corrupted.
02-beauty-personal-care,45,PAC Cosmetics,not_nigerian,Bonish Jain,Founder and director,https://cosmetech.co.in/?p=235453,,,https://www.linkedin.com/search/results/people/?keywords=Bonish+Jain+PAC+Cosmetics,,,,,Not a Nigerian business. PAC is an Indian brand. No Nigerian operation was found.
02-beauty-personal-care,46,Black Opal Nigeria,not_nigerian,,,,,,,,,,,Not a Nigerian business. Black Opal is a US brand. No Nigerian brand owner was found.
02-beauty-personal-care,47,Grace Makeover,unmatched,,,,,,,,,,,Could not be matched to a real Nigerian business. Confirm before outreach. No makeup artist or business called Grace Makeover was found.
02-beauty-personal-care,48,Medlin Boss,researched,Mimi Linda Yina (Medlin Boss),"Founder and CEO, Medlin Couture",https://newtelegraphng.com/meet-mimi-yina-aka-medlinboss-ceo-of-medline-couture/,,,https://www.linkedin.com/search/results/people/?keywords=Mimi+Linda+Yina+%28Medlin+Boss%29+Medlin+Boss,,,,,"The business is Medlin Couture, a fashion styling and boutique brand."
02-beauty-personal-care,49,Tana Africa Beauty,not_nigerian,Mark Tindall,"CEO, Tana Africa Capital",https://www.afsic.net/speaker/mark-tindall-2025-speaker/,,,https://www.linkedin.com/search/results/people/?keywords=Mark+Tindall+Tana+Africa+Beauty,,,,,"Not a Nigerian business. Tana Africa Capital is a private equity firm based in Johannesburg, not a beauty distributor. Drop it."
02-beauty-personal-care,50,Jibiti Beauty,unmatched,,,,,,,,,,,Could not be matched to a real Nigerian business. Confirm before outreach. No Nigerian brand called Jibiti Beauty was found. The handle in the old PDF was also malformed (y@jibitibeauty).
03-food-beverage,1,Rite Foods,researched,Seleem Adegunwa,Managing Director and CEO,https://guardian.ng/specials/rite-foods-limited-apenchant-for-quality-innovation-and-fanatical-commitment-to-excellenceseleem-adegunwa-md-ceo/,https://www.linkedin.com/in/seleem-adegunwa-801786128/,,https://www.linkedin.com/search/results/people/?keywords=Seleem+Adegunwa+Rite+Foods,,,,,"Brands include Bigi, Fearless and Sosa. Covers 03/34 (Bigi) as well."
03-food-beverage,2,Chivita,researched,Eelco Weber,Managing Director (appointed 2021),https://brandspurng.com/2021/09/30/chi-limited-taps-into-expertise-of-dairy-industry-veteran-eelco-weber-to-lead-company/,,,https://www.linkedin.com/search/results/people/?keywords=Eelco+Weber+Chivita,,,,,"UAC of Nigeria completed its purchase of CHI Limited in September 2025, so leadership may have changed."
03-food-beverage,2,Chivita,researched,Bose Ogunyemi,"Category Head, Juices",https://brandcom.ng/?p=52214,,,https://www.linkedin.com/search/results/people/?keywords=Bose+Ogunyemi+Chivita,,,,,"UAC of Nigeria completed its purchase of CHI Limited in September 2025, so leadership may have changed."
03-food-beverage,3,Chowdeck,researched,Femi Aluko,Co-founder and CEO,https://www.ycombinator.com/companies/chowdeck,https://www.linkedin.com/in/femialuko/,,https://www.linkedin.com/search/results/people/?keywords=Femi+Aluko+Chowdeck,hello@chowdeck.com,Earlier research pass (published general address),chowdeck.com,,Duplicate of 06/8.
03-food-beverage,3,Chowdeck,researched,Lanre Yusuf,Co-founder and COO,https://www.ycombinator.com/companies/chowdeck,,,https://www.linkedin.com/search/results/people/?keywords=Lanre+Yusuf+Chowdeck,hello@chowdeck.com,Earlier research pass (published general address),chowdeck.com,,Duplicate of 06/8.
03-food-beverage,3,Chowdeck,researched,Olumide Ojo,Co-founder and CTO,https://www.ycombinator.com/companies/chowdeck,,,https://www.linkedin.com/search/results/people/?keywords=Olumide+Ojo+Chowdeck,hello@chowdeck.com,Earlier research pass (published general address),chowdeck.com,,Duplicate of 06/8.
03-food-beverage,4,Cafe Neo,researched,Ngozi Dozie,Co-founder and CEO,https://www.howwemadeitinafrica.com/two-brothers-started-lagos-first-coffee-shop-chain/,,,https://www.linkedin.com/search/results/people/?keywords=Ngozi+Dozie+Cafe+Neo,,,,,CB Insights lists Cafe Neo as having ceased operations. Confirm it is still trading before outreach.
03-food-beverage,4,Cafe Neo,researched,Chijioke Dozie,Co-founder,https://www.howwemadeitinafrica.com/two-brothers-started-lagos-first-coffee-shop-chain/,,,https://www.linkedin.com/search/results/people/?keywords=Chijioke+Dozie+Cafe+Neo,,,,,CB Insights lists Cafe Neo as having ceased operations. Confirm it is still trading before outreach.
03-food-beverage,5,Bukka Hut,researched,Rasheed Jaiyeola,Founder and CEO,https://www.thisdaylive.com/2022/09/30/bukka-hut-clarifies-brands-ownership/,,,https://www.linkedin.com/search/results/people/?keywords=Rasheed+Jaiyeola+Bukka+Hut,,,,,
03-food-beverage,6,Chicken Republic,researched,Kofi Abunu,"Managing Director and CEO, Food Concepts Plc",https://marketingedge.com.ng/chicken-republic-celebrates-20-years-of-successful-business-operation/,,,https://www.linkedin.com/search/results/people/?keywords=Kofi+Abunu+Chicken+Republic,,,,,
03-food-beverage,7,Cold Stone Creamery Nigeria,duplicate,Patrick McMichael,"Group Managing Director and CEO, Eat'N'Go",https://brandcom.ng/2021/02/26/eat-n-go-elevates-patrick-mcmichael-to-group-managing-director/,,,https://www.linkedin.com/search/results/people/?keywords=Patrick+McMichael+Cold+Stone+Creamery+Nigeria,,,,,Duplicate. Cold Stone Nigeria is run by Eat'N'Go (03/40).
03-food-beverage,8,Dano Milk Nigeria,researched,Peder Pedersen,"Managing Director, Arla Foods Nigeria",https://businessday.ng/?p=1024722,https://www.linkedin.com/in/peder-pedersen-89634930/,,https://www.linkedin.com/search/results/people/?keywords=Peder+Pedersen+Dano+Milk+Nigeria,,,,,"Arla runs a joint venture with the Tolaram Group, so brand decisions are partly made in Denmark."
03-food-beverage,9,Debonairs Pizza Nigeria,researched,Debola Badejo,"Managing Director, UAC Restaurants (appointed 2021)",https://brandcom.ng/2021/04/08/debola-badejo-assumes-new-position-as-managing-director-uac-restaurants,https://www.linkedin.com/in/debola-badejo/,,https://www.linkedin.com/search/results/people/?keywords=Debola+Badejo+Debonairs+Pizza+Nigeria,,,,,"UAC Restaurants runs Debonairs and Mr Bigg's, so this also covers 03/16. Current MD is unconfirmed."
03-food-beverage,10,Dominos Pizza Nigeria,duplicate,Patrick McMichael,"Group Managing Director and CEO, Eat'N'Go",https://brandcom.ng/2021/02/26/eat-n-go-elevates-patrick-mcmichael-to-group-managing-director/,,,https://www.linkedin.com/search/results/people/?keywords=Patrick+McMichael+Dominos+Pizza+Nigeria,,,,,Duplicate. Domino's Nigeria is run by Eat'N'Go (03/40).
03-food-beverage,11,Kilimanjaro Restaurant,researched,Ebele Enunwa,"Managing Director and CEO, Sundry Foods",https://allafrica.com/stories/202407020522.html,https://www.linkedin.com/in/ebele-enunwa-683aa43/,,https://www.linkedin.com/search/results/people/?keywords=Ebele+Enunwa+Kilimanjaro+Restaurant,,,,,"Kilimanjaro is a Sundry Foods quick-service chain, not a single restaurant."
03-food-beverage,11,Kilimanjaro Restaurant,researched,Nduka Mokwunye,"Head of Marketing, Sundry Foods",https://businessday.ng/companies/article/sundry-foods-upscales-business-opens-outlets-in-lagos-abuja-and-port-harcourt-2/,,,https://www.linkedin.com/search/results/people/?keywords=Nduka+Mokwunye+Kilimanjaro+Restaurant,,,,,"Kilimanjaro is a Sundry Foods quick-service chain, not a single restaurant."
03-food-beverage,11,Kilimanjaro Restaurant,researched,Nnamdi Opara,"Executive Director, Sundry Foods",https://ng.linkedin.com/in/nnamdi-opara-mciod-a789b938,https://ng.linkedin.com/in/nnamdi-opara-mciod-a789b938,,https://www.linkedin.com/search/results/people/?keywords=Nnamdi+Opara+Kilimanjaro+Restaurant,,,,,"Kilimanjaro is a Sundry Foods quick-service chain, not a single restaurant."
03-food-beverage,12,Nuli Juice,researched,Ada Osakwe,Founder and CEO,https://www.howwemadeitinafrica.com/nigeria-entrepreneur-explains-how-she-built-healthy-fast-food-brand-nuli/122706,https://www.linkedin.com/in/ada-osakwe-32890515/,,https://www.linkedin.com/search/results/people/?keywords=Ada+Osakwe+Nuli+Juice,,,,,Opened its first US location in Washington DC in 2025.
03-food-beverage,13,SmallChops.ng,researched,Uche Ukonu,Founder and CEO,https://businessday.ng/?p=378196,https://www.linkedin.com/in/ucheukonujnr/,,https://www.linkedin.com/search/results/people/?keywords=Uche+Ukonu+SmallChops.ng,,,,,"Now produces food in-house, with a production centre in Surulere."
03-food-beverage,13,SmallChops.ng,researched,Chisom Aniedozie,Co-founder,https://techpoint.africa/insight/smallchopsng-100-million-selling-small-chops/,,,https://www.linkedin.com/search/results/people/?keywords=Chisom+Aniedozie+SmallChops.ng,,,,,"Now produces food in-house, with a production centre in Surulere."
03-food-beverage,14,FoodCourt Nigeria,researched,Henry Nneji,Co-founder and CEO,https://techpoint.africa/feature/inspired-by-ex-uber-ceo-yc-backed-foodcourt-is-putting-a-unique-spin-on-food-delivery/,https://www.linkedin.com/in/henrynneji/,,https://www.linkedin.com/search/results/people/?keywords=Henry+Nneji+FoodCourt+Nigeria,,,,,"One unverified source reports a 2026 suspension of operations, so check status before outreach."
03-food-beverage,14,FoodCourt Nigeria,researched,Ovuoke Buluku,Co-founder and COO,https://www.ycombinator.com/companies/cokitchen,,,https://www.linkedin.com/search/results/people/?keywords=Ovuoke+Buluku+FoodCourt+Nigeria,,,,,"One unverified source reports a 2026 suspension of operations, so check status before outreach."
03-food-beverage,15,Sweet Sensation,researched,Kehinde Kamson,Founder and CEO,https://www.thisdaylive.com/2024/09/30/sweet-sensation-unveils-affordable-pop-up-outlets-to-revolutionize-fast-food-in-lagos/,https://www.linkedin.com/in/kehinde-kamson-5517ba5b/,,https://www.linkedin.com/search/results/people/?keywords=Kehinde+Kamson+Sweet+Sensation,,,,,
03-food-beverage,16,Mr Biggs,researched,Debola Badejo,"Managing Director, UAC Restaurants (appointed 2021)",https://brandcom.ng/2021/04/08/debola-badejo-assumes-new-position-as-managing-director-uac-restaurants,https://www.linkedin.com/in/debola-badejo/,,https://www.linkedin.com/search/results/people/?keywords=Debola+Badejo+Mr+Biggs,,,,,A 2025 report says Mr Bigg's sales are declining. The old PDF had a corrupted email.
03-food-beverage,16,Mr Biggs,researched,Fola Aiyesimoju,"Group Managing Director, UAC of Nigeria",https://businessfront.com/finance/insights/nigerias-mrbiggs-debonairs-bleed-sales/,,,https://www.linkedin.com/search/results/people/?keywords=Fola+Aiyesimoju+Mr+Biggs,,,,,A 2025 report says Mr Bigg's sales are declining. The old PDF had a corrupted email.
03-food-beverage,17,Tastee Fried Chicken,researched,Olayinka Pamela Adedayo,Founder and Managing Director / CEO,https://marketingedge.com.ng/meet-mrs-olayinka-pamela-adedayo-tastee-fried-chicken-founder/,,,https://www.linkedin.com/search/results/people/?keywords=Olayinka+Pamela+Adedayo+Tastee+Fried+Chicken,,,,,The handle in the old PDF was corrupted.
03-food-beverage,18,Bungalow Restaurant,researched,Kola Adewale,Founder (single unverified source),https://kashgain.net/blog/indulge-in-culinary-excellence-top-10-restaurants-in-nigeria/,,,https://www.linkedin.com/search/results/people/?keywords=Kola+Adewale+Bungalow+Restaurant,,,,,"Low-confidence source, so confirm the owner before outreach."
03-food-beverage,19,Nkoyo Restaurant,researched,,,,,,,info@nkoyo.ng,https://wakaabuja.com/nkoyo-abuja/,,,"Restaurant exists, but no owner was named in any source."
03-food-beverage,20,Terra Kulture,researched,Bolanle Austen-Peters,Founder and Managing Director,https://en.wikipedia.org/wiki/Bolanle_Austen-Peters,https://www.linkedin.com/in/bolanle-austen-peters-a18abb194/,,https://www.linkedin.com/search/results/people/?keywords=Bolanle+Austen-Peters+Terra+Kulture,,,,,Duplicate of 05/46.
03-food-beverage,21,Barcelos Nigeria,unmatched,,,,,,,,,,,Could not be matched to a real Nigerian business. Confirm before outreach. No Nigerian Barcelos franchisee or manager was found. Confirm the brand still operates in Nigeria.
03-food-beverage,22,Pinkberry Nigeria,duplicate,Patrick McMichael,"Group Managing Director and CEO, Eat'N'Go",https://brandcom.ng/2021/02/26/eat-n-go-elevates-patrick-mcmichael-to-group-managing-director/,,,https://www.linkedin.com/search/results/people/?keywords=Patrick+McMichael+Pinkberry+Nigeria,,,,,Duplicate. Pinkberry Nigeria is run by Eat'N'Go (03/40).
03-food-beverage,23,Southern Fried Chicken,unmatched,,,,,,,,,,,"Could not be matched to a real Nigerian business. Confirm before outreach. No Nigerian operator was found. The UK franchisor is Fast Food Systems Ltd (Andrew Withers, MD). The Nigerian presence is unconfirmed."
03-food-beverage,24,Yahuza Suya,researched,,,,,,,,,,,"The suya spot exists, but no owner was named in any source."
03-food-beverage,25,The Place Restaurant,researched,Kola Adewale,"CEO, Smackers Ltd (operator of The Place)",https://www.brandtimes.com.ng/the-place-restaurant-expands-to-ibadan-opens-new-outlet-at-new-bodija/,,,https://www.linkedin.com/search/results/people/?keywords=Kola+Adewale+The+Place+Restaurant,,,,,"The Place is part of Smackers Ltd. The Bungalow source (03/18) also names Kola Adewale, which may be a mix-up."
03-food-beverage,26,Ofada Boy,researched,Tobi Fletcher,Founder and CEO,https://guardian.ng/art/ofada-boy-marks-15th-anniversary-set-to-hold-ofd-6-0-in-lagos/,https://www.linkedin.com/in/tobi-fletcher-95386744/,,https://www.linkedin.com/search/results/people/?keywords=Tobi+Fletcher+Ofada+Boy,,,,,Located in Surulere. He also convenes the Ofada Rice Day festival.
03-food-beverage,27,Yellow Chilli,researched,Ebere Shogbola,Owner (per Wikipedia),https://en.wikipedia.org/wiki/Yellow_Chilli_Restaurant,https://www.linkedin.com/in/ebere-shogbola-258842156/,,https://www.linkedin.com/search/results/people/?keywords=Ebere+Shogbola+Yellow+Chilli,,,,,A directory credits Chef Chidinma Ajoku as founder instead. Confirm the owner before outreach.
03-food-beverage,28,Paga Bakery,unmatched,,,,,,,,,,,Could not be matched to a real Nigerian business. Confirm before outreach. No bakery called Paga Bakery was found in Lagos. Paga is a fintech company (07/8). The handle in the old PDF was corrupted.
03-food-beverage,29,Choprite,unmatched,,,,,,,,,,,Could not be matched to a real Nigerian business. Confirm before outreach. No catering business called Choprite was found in Lagos.
03-food-beverage,30,Indomie Nigeria,researched,Ramanathan Solayappan,"Head of Marketing, Indomie Nigeria",https://www.brandtimes.com.ng/indomie-plans-to-sustain-market-leadership-through-consumer-led-initiatives/,,,https://www.linkedin.com/search/results/people/?keywords=Ramanathan+Solayappan+Indomie+Nigeria,,,,,The MD named in 2020 (Adhi Narto) is not current-confirmed.
03-food-beverage,30,Indomie Nigeria,researched,Oluwaponmile Alabi,"Marketing Manager, Dufil Prima Foods",https://www.brandtimes.com.ng/?p=26882,,,https://www.linkedin.com/search/results/people/?keywords=Oluwaponmile+Alabi+Indomie+Nigeria,,,,,The MD named in 2020 (Adhi Narto) is not current-confirmed.
03-food-beverage,31,Peak Milk Nigeria,researched,Roger Adou,"Managing Director, FrieslandCampina WAMCO",https://businessday.ng/agriculture/article/frieslandcampina-pre-tax-profit-surges-566-as-finance-costs-debt-decline/,https://www.linkedin.com/in/adou-roger-philippe-624bb024/,,https://www.linkedin.com/search/results/people/?keywords=Roger+Adou+Peak+Milk+Nigeria,,,,,"Peak is a global brand system, so pitch campaign or local work."
03-food-beverage,32,Coca-Cola Nigeria,subsidiary,Alfred Olajide,"Vice President and Managing Director, Coca-Cola Nigeria (appointed 2021)",https://marketingedge.com.ng/coca-cola-nigeria-names-alfred-olajide-as-new-managing-director/,,,https://www.linkedin.com/search/results/people/?keywords=Alfred+Olajide+Coca-Cola+Nigeria,,,,,"Local arm of a global brand. Brand decisions sit abroad. Global brand, so identity decisions are made in Atlanta. Weak fit. Current MD is unconfirmed."
03-food-beverage,33,Maltina,researched,Thibaut Boidin,"Managing Director and CEO, Nigerian Breweries (from July 2025)",https://www.nbplc.com/executive-team/,https://www.linkedin.com/in/thibaut-boidin-057a881a/,,https://www.linkedin.com/search/results/people/?keywords=Thibaut+Boidin+Maltina,,,,,
03-food-beverage,33,Maltina,researched,Sarah Agha,Marketing Director,https://www.nbplc.com/executive-team/,,,https://www.linkedin.com/search/results/people/?keywords=Sarah+Agha+Maltina,,,,,
03-food-beverage,33,Maltina,researched,Elohor Olumide Awe,"Senior Brand Manager, Maltina",https://www.nbplc.com/?p=27036,,,https://www.linkedin.com/search/results/people/?keywords=Elohor+Olumide+Awe+Maltina,,,,,
03-food-beverage,33,Maltina,researched,Emmanuel Oriakhi,Sales Director (Marketing Director until March 2025),https://www.linkedin.com/in/emmanuel-oriakhi/,https://www.linkedin.com/in/emmanuel-oriakhi/,,https://www.linkedin.com/search/results/people/?keywords=Emmanuel+Oriakhi+Maltina,,,,,
03-food-beverage,34,Bigi (Rite Foods),duplicate,Seleem Adegunwa,"Managing Director and CEO, Rite Foods",https://guardian.ng/specials/rite-foods-limited-apenchant-for-quality-innovation-and-fanatical-commitment-to-excellenceseleem-adegunwa-md-ceo/,,,https://www.linkedin.com/search/results/people/?keywords=Seleem+Adegunwa+Bigi+%28Rite+Foods%29,,,,,"Duplicate. Bigi is a Rite Foods brand, so this duplicates 03/1."
03-food-beverage,35,Honeywell Flour Mills,researched,Boye Olusanya,"Group Managing Director, Flour Mills of Nigeria (owner of Honeywell Flour Mills)",https://guardian.ng/business-services/fmn-completes-acquisition-of-honeywell-flour-mills/,https://www.linkedin.com/in/omoboyede-olusanya-23a553163/,,https://www.linkedin.com/search/results/people/?keywords=Boye+Olusanya+Honeywell+Flour+Mills,,,,,FMN acquired 71.69% of Honeywell Flour Mills in 2022.
03-food-beverage,36,Dangote Sugar,researched,Thabo Mabe,Group Managing Director and CEO (from December 2025),https://sugar.dangote.com/management-team,https://ng.linkedin.com/in/thabo-mabe-0a7981172,,https://www.linkedin.com/search/results/people/?keywords=Thabo+Mabe+Dangote+Sugar,,,,,
03-food-beverage,37,La Casera,researched,Chinedum Okereke,Managing Director,https://businessamlive.com/?p=76782,,,https://www.linkedin.com/search/results/people/?keywords=Chinedum+Okereke+La+Casera,,,,,The handle in the old PDF (@lacacaserang) looks wrong.
03-food-beverage,38,Minimie Chinchin,researched,Haresh Aswani,"Managing Director, Tolaram Group",https://mfa.gov.sg/Overseas-Mission/Lagos/About-the-Honorary-Consulate-General/Biographical-Summary,,,https://www.linkedin.com/search/results/people/?keywords=Haresh+Aswani+Minimie+Chinchin,,,,,"Minimie is made by Dufil Prima Foods, so pitch the Dufil marketing team named in 03/30."
03-food-beverage,39,TFC (The Food Catalog),unmatched,,,,,,,,,,,Could not be matched to a real Nigerian business. Confirm before outreach. No food blog called The Food Catalog was found.
03-food-beverage,40,"Eat N Go (Dominos, Cold Stone)",researched,Patrick McMichael,Group Managing Director and CEO,https://brandcom.ng/2021/02/26/eat-n-go-elevates-patrick-mcmichael-to-group-managing-director/,https://www.linkedin.com/in/patrick-mcmichael-b7a6b51b/,,https://www.linkedin.com/search/results/people/?keywords=Patrick+McMichael+Eat+N+Go+%28Dominos%2C+Cold+Stone%29,,,,,"Master franchisee for Domino's, Cold Stone and Pinkberry, which covers 03/7, 03/10 and 03/22. The global franchisors control brand identity, so pitch digital, campaign or local work."
03-food-beverage,41,Jollof Rice Festival,researched,Chizoma Chukwueke,"CEO, Firewood Rice Nigeria (Firewood Jollof Festival)",https://www.thisdaylive.com/2024/11/09/firewood-jollof-festival-hits-lagos-november/,https://www.linkedin.com/in/chizoma-chukwueke-466211b4/,,https://www.linkedin.com/search/results/people/?keywords=Chizoma+Chukwueke+Jollof+Rice+Festival,,,,,No event called Jollof Rice Festival was found. The active Lagos jollof festival is the Firewood Jollof Festival. The handle in the old PDF was corrupted.
03-food-beverage,42,FoodPro Nigeria,researched,Jamie Hill,"Managing Director, BtoB Events (organiser of Food & Beverage West Africa)",https://thisdaylive.com/index.php/2023/04/01/food-beverage-west-africa-trade-exhibition-gets-expansion,https://www.linkedin.com/in/jamie-hill-b7a8b211/,,https://www.linkedin.com/search/results/people/?keywords=Jamie+Hill+FoodPro+Nigeria,,,,,"No expo called FoodPro was found. The Lagos show is Food & Beverage West Africa, run by the same organiser as Beauty West Africa (02/34)."
03-food-beverage,43,Nestle Nigeria,subsidiary,Wassim Elhusseini,Managing Director and CEO,https://doclib.ngxgroup.com/Financial_NewsDocs/NESTLE_NIGERIA_PLC_-_PRESS_RELEASE_ON_2025_AUDITED_FINANCIAL_STATEMENTS.pdf,https://www.linkedin.com/in/wassim-elhusseini-b2a03291/,,https://www.linkedin.com/search/results/people/?keywords=Wassim+Elhusseini+Nestle+Nigeria,,,,,"Local arm of a global brand. Brand decisions sit abroad. Global brand system, so this is a weak fit for identity work."
03-food-beverage,44,Fan Milk Nigeria,researched,Oreoluwa Atinmo,Managing Director (from April 2026),https://nairametrics.com/2026/07/03/fan-milk-danone-nigeria-appoints-mrs-oreoluwa-atinmo-as-managing-director/,https://ng.linkedin.com/in/oreoluwa-kolawole-atinmo,,https://www.linkedin.com/search/results/people/?keywords=Oreoluwa+Atinmo+Fan+Milk+Nigeria,,,,,Danone subsidiary.
03-food-beverage,45,Red Ginger,unmatched,,,,,,,,,,,Could not be matched to a real Nigerian business. Confirm before outreach. No restaurant called Red Ginger was found in Lagos.
03-food-beverage,46,Craft Gourmet,researched,Loubna (Lou) Fakhri-Baker,Co-founder and head chef,https://www.visualcollaborative.com/loubna_baker,https://www.linkedin.com/in/loubna-fakhri-baker-073731b0/,,https://www.linkedin.com/search/results/people/?keywords=Loubna+%28Lou%29+Fakhri-Baker+Craft+Gourmet,,,,,"Located at Mega Plaza, Victoria Island."
03-food-beverage,46,Craft Gourmet,researched,Tarek Baker,Co-founder,https://lehlebalde.com/craft-gourmet-by-lou-baker-a-consistent-lagos-favourite/,,,https://www.linkedin.com/search/results/people/?keywords=Tarek+Baker+Craft+Gourmet,,,,,"Located at Mega Plaza, Victoria Island."
03-food-beverage,47,Shiro Lagos,researched,Sanjay Mahtani,Co-founder (JSM Corporation),https://nairametrics.com/2025/02/23/meet-10-founders-of-the-most-expensive-restaurants-in-lagos/,,,https://www.linkedin.com/search/results/people/?keywords=Sanjay+Mahtani+Shiro+Lagos,,,,,Duplicate of 05/13. JSM also runs Hard Rock Cafe Lagos (05/12).
03-food-beverage,47,Shiro Lagos,researched,Jay Singh,Co-founder,https://nairametrics.com/2025/02/23/meet-10-founders-of-the-most-expensive-restaurants-in-lagos/,,,https://www.linkedin.com/search/results/people/?keywords=Jay+Singh+Shiro+Lagos,,,,,Duplicate of 05/13. JSM also runs Hard Rock Cafe Lagos (05/12).
03-food-beverage,48,Gardens by Roun,unmatched,,,,,,,,,,,Could not be matched to a real Nigerian business. Confirm before outreach. No restaurant called Gardens by Roun was found in Lagos.
03-food-beverage,49,Obalende Suya,unmatched,,,,,,,,,,,"Could not be matched to a real Nigerian business. Confirm before outreach. Obalende is a Lagos neighbourhood known for suya, not a single brand. The only named Obalende Suya business is in London."
03-food-beverage,50,So Fresh Nigeria,researched,Olagoke Balogun,Co-founder and CEO,https://businessday.ng/news/article/ph-and-expanding-outdoor-food-business-nigerians-have-embraced-fresh-food-and-fruits-lifestyle-says-so-fresh-ceo/,https://www.linkedin.com/in/olagoke-balogun-b102a468/,,https://www.linkedin.com/search/results/people/?keywords=Olagoke+Balogun+So+Fresh+Nigeria,,,,,
03-food-beverage,50,So Fresh Nigeria,researched,Abimbola Balogun,Co-founder and Executive Director (COO),https://businessday.ng/news/article/ph-and-expanding-outdoor-food-business-nigerians-have-embraced-fresh-food-and-fruits-lifestyle-says-so-fresh-ceo/,,,https://www.linkedin.com/search/results/people/?keywords=Abimbola+Balogun+So+Fresh+Nigeria,,,,,
04-real-estate-property,1,Sujimoto Construction,researched,Sijibomi Ogundele,CEO / Group Managing Director,https://en.wikipedia.org/wiki/Sijibomi_Ogundele,https://www.linkedin.com/in/sijibomi-ogundele/,,https://www.linkedin.com/search/results/people/?keywords=Sijibomi+Ogundele+Sujimoto+Construction,,,,,Risk flag: the EFCC declared him wanted in September 2025 over alleged fund diversion (per Wikipedia). Review before outreach.
04-real-estate-property,2,Landwey Investment,researched,Sheila Ojei,CEO (appointed September 2023),https://leadingladiesafrica.org/?p=24719,https://ng.linkedin.com/in/thesheilaojei,,https://www.linkedin.com/search/results/people/?keywords=Sheila+Ojei+Landwey+Investment,,,,,
04-real-estate-property,2,Landwey Investment,researched,Olawale Ayilara,"Group CEO, Oxygen Holdings (parent)",https://leadingladiesafrica.org/?p=24719,,,https://www.linkedin.com/search/results/people/?keywords=Olawale+Ayilara+Landwey+Investment,,,,,
04-real-estate-property,3,Palton Morgan,researched,Adeyinka Adesope,"Group Managing Director, Palton Morgan Holdings",https://brandspurng.com/2017/08/13/grenadines-homes-signs-on-cappa-dalberto-as-contractors-for-n40b-atlantic-resort-project/,,https://ng.linkedin.com/company/paltonmorgan,https://www.linkedin.com/search/results/people/?keywords=Adeyinka+Adesope+Palton+Morgan,,,,,The source dates from 2017. Palton Morgan is the parent of Grenadines Homes (04/7).
04-real-estate-property,3,Palton Morgan,researched,Femi Banwo,"Chairman, Palton Morgan Holdings",https://brandspurng.com/2017/08/13/grenadines-homes-signs-on-cappa-dalberto-as-contractors-for-n40b-atlantic-resort-project/,,https://ng.linkedin.com/company/paltonmorgan,https://www.linkedin.com/search/results/people/?keywords=Femi+Banwo+Palton+Morgan,,,,,The source dates from 2017. Palton Morgan is the parent of Grenadines Homes (04/7).
04-real-estate-property,4,Lekki Gardens,researched,Richard Nyong,"Founder, Managing Director and CEO",https://dailytrust.com/giving-back-helped-lekki-gardens-become-market-leader-says-ceo,https://www.linkedin.com/in/richard-nyong-937b8315a/,,https://www.linkedin.com/search/results/people/?keywords=Richard+Nyong+Lekki+Gardens,,,,,
04-real-estate-property,5,Revolution Plus,researched,Bamidele Onalaja,"Co-founder, Group Managing Director and CEO",https://guardian.ng/business-services/how-we-stood-tall-in-real-estate-business-in-nine-years-revolutionplus-property/,https://www.linkedin.com/in/bamidele-onalaja-a6b07710/,,https://www.linkedin.com/search/results/people/?keywords=Bamidele+Onalaja+Revolution+Plus,,,,,Same company as 04/50 (RevolutionPlus Property). Merged here.
04-real-estate-property,5,Revolution Plus,researched,Tolulope Onalaja,Co-founder and Group Executive Director,https://guardian.ng/business-services/how-we-stood-tall-in-real-estate-business-in-nine-years-revolutionplus-property/,,,https://www.linkedin.com/search/results/people/?keywords=Tolulope+Onalaja+Revolution+Plus,,,,,Same company as 04/50 (RevolutionPlus Property). Merged here.
04-real-estate-property,6,Mixta Africa,researched,Deji Alli,"CEO, Mixta Real Estate Plc",https://mixtafrica.com/?p=626,https://www.linkedin.com/in/deji-alli-255023236/,,https://www.linkedin.com/search/results/people/?keywords=Deji+Alli+Mixta+Africa,,,,,
04-real-estate-property,6,Mixta Africa,researched,Sade Hughes,"Country Manager, Mixta Nigeria (from 2020)",https://estateintel.com/news/mixta-africa-announces-two-new-appointments,,,https://www.linkedin.com/search/results/people/?keywords=Sade+Hughes+Mixta+Africa,,,,,
04-real-estate-property,7,Grenadines Homes,researched,Adeyinka Adesope,"Group Managing Director, Palton Morgan Holdings (parent)",https://brandspurng.com/2017/08/13/grenadines-homes-signs-on-cappa-dalberto-as-contractors-for-n40b-atlantic-resort-project/,,,https://www.linkedin.com/search/results/people/?keywords=Adeyinka+Adesope+Grenadines+Homes,,,,,Sources are old (2014 and 2017). Pitch Palton Morgan and Grenadines together.
04-real-estate-property,7,Grenadines Homes,researched,Noimot Olatunji,Managing Director (2014),https://www.vanguardngr.com/2014/09/grenadines-homes-unveils-katampe-scheme/amp/,,,https://www.linkedin.com/search/results/people/?keywords=Noimot+Olatunji+Grenadines+Homes,,,,,Sources are old (2014 and 2017). Pitch Palton Morgan and Grenadines together.
04-real-estate-property,8,Periwinkle Properties,researched,Chiedu A. Nweke,"Founder, Chairman and CEO, Periwinkle Empire",https://www.thisdaylive.com/2026/04/18/periwinkle-partners-seal-deal-for-luxury-high-rise-condo-in-banana-island/,https://www.linkedin.com/in/dr-chiedu-nweke-23992712a/,,https://www.linkedin.com/search/results/people/?keywords=Chiedu+A.+Nweke+Periwinkle+Properties,,,,,
04-real-estate-property,8,Periwinkle Properties,researched,Tunde Olatunji,"Managing Director, Periwinkle Condos",https://www.thisdaylive.com/2026/04/18/periwinkle-partners-seal-deal-for-luxury-high-rise-condo-in-banana-island/,,,https://www.linkedin.com/search/results/people/?keywords=Tunde+Olatunji+Periwinkle+Properties,,,,,
04-real-estate-property,9,RealHouse Group,unmatched,,,,,,,,,,,Could not be matched to a real Nigerian business. Confirm before outreach. No developer called RealHouse Group was found in Nigeria.
04-real-estate-property,10,T Pumpy Concept,researched,Akintayo Adaralegbe,Founder and CEO,https://blueprint.ng/abuja-real-estate-firm-expands-footprint-with-garden-city-project/,,,https://www.linkedin.com/search/results/people/?keywords=Akintayo+Adaralegbe+T+Pumpy+Concept,,,,,
04-real-estate-property,11,HFP Engineering,researched,,,,,,,,,,,Building and civil engineering contractor incorporated in 1979. No current MD was named in any source.
04-real-estate-property,12,Brains and Hammers,researched,Umar Abdullahi,"Pioneer CEO (now at Cosgrove, 04/18)",https://dailytrust.com/?p=110174,,,https://www.linkedin.com/search/results/people/?keywords=Umar+Abdullahi+Brains+and+Hammers,,,,,"Abuja developer founded in 2006. No current MD was found, as Abdullahi left after two terms."
04-real-estate-property,13,Adron Homes,researched,Adetola Emmanuel-King,Group Managing Director and CEO,https://thisdaylive.com/index.php/2024/01/14/adron-homes-boss-adetola-emmanuel-kings-selling-point,https://www.linkedin.com/in/oba-adetola-emmanuelking/,,https://www.linkedin.com/search/results/people/?keywords=Adetola+Emmanuel-King+Adron+Homes,,,,,
04-real-estate-property,13,Adron Homes,researched,Aderonke Emmanuel-King,"Executive Director, Finance",https://brandspurng.com/2022/08/24/adron-homes-bags-outstanding-real-estate-company-of-the-year/,,,https://www.linkedin.com/search/results/people/?keywords=Aderonke+Emmanuel-King+Adron+Homes,,,,,
04-real-estate-property,14,CAPPA & D'Alberto,researched,Antonino Falduto,CFO,https://www.zonebourse.com/cours/action/CAPPA-AND-D-ALBERTO-PLC-20699287/societe/,,,https://www.linkedin.com/search/results/people/?keywords=Antonino+Falduto+CAPPA+%26+D%27Alberto,,,,,Listed contractor (Cappa and D'Alberto Plc). No current MD was found. Antonino Falduto is listed as CFO on Zonebourse.
04-real-estate-property,15,Julius Berger Nigeria,researched,Peer Lubasch,Managing Director (from October 2024),https://thecable.ng/julius-berger-nigeria-appoints-new-md-as-goetsch-bows-out,,,https://www.linkedin.com/search/results/people/?keywords=Peer+Lubasch+Julius+Berger+Nigeria,,,,,"Large listed contractor with an established identity, so it is a long shot."
04-real-estate-property,16,Propertymart,researched,Deji Fasunwon,Deputy Managing Director,https://businessday.ng/?p=463953,https://www.linkedin.com/in/deji-fasunwon-b1831460/,https://www.linkedin.com/company/propertymart-real-estate-investment-ltd,https://www.linkedin.com/search/results/people/?keywords=Deji+Fasunwon+Propertymart,,,,,Subsidiary of Palton Morgan (04/3).
04-real-estate-property,16,Propertymart,researched,Oluwasegun Damiro,"General Manager, Sales and Marketing",https://businessday.ng/?p=463953,,https://www.linkedin.com/company/propertymart-real-estate-investment-ltd,https://www.linkedin.com/search/results/people/?keywords=Oluwasegun+Damiro+Propertymart,,,,,Subsidiary of Palton Morgan (04/3).
04-real-estate-property,17,Dennis Group,unmatched,,,,,,,,,,,Could not be matched to a real Nigerian business. Confirm before outreach. No Nigerian real estate company called Dennis Group was found.
04-real-estate-property,18,Cosgrove,researched,Umar Abdullahi,"Founder, Chairman and CEO",https://www.thisdaylive.com/2025/12/29/rewarding-excellence-cosgrove-approves-%e2%82%a64bn-worth-of-properties-to-staff-members/,https://www.linkedin.com/in/umar-abdullahi-ofr-329172a7/,,https://www.linkedin.com/search/results/people/?keywords=Umar+Abdullahi+Cosgrove,,,,,"Based in Abuja, not Lagos."
04-real-estate-property,19,Purple Capital,researched,Olaide Agboola,Co-founder and CEO,https://guardian.ng/business-services/purple-targets-n10b-for-real-estate-expansion-from-ipo/,https://ng.linkedin.com/company/purplegroupng,https://ng.linkedin.com/company/purplegroupng,https://www.linkedin.com/search/results/people/?keywords=Olaide+Agboola+Purple+Capital,,,,,Listed as Purple Real Estate Income Plc. The latest source is from 2022.
04-real-estate-property,19,Purple Capital,researched,Obinna Onunkwo,Co-founder and Deputy CEO,https://zonebourse.com/insider/OBINNA-ONUNKWO-A1UL8K,,https://ng.linkedin.com/company/purplegroupng,https://www.linkedin.com/search/results/people/?keywords=Obinna+Onunkwo+Purple+Capital,,,,,Listed as Purple Real Estate Income Plc. The latest source is from 2022.
04-real-estate-property,20,Lagos State Development & Property Corp,government,Ayodeji Joseph,Managing Director and CEO,https://thisdaylive.com/index.php/2021/11/23/lsdpcs-new-ceo-ayodeji-joseph-pledges-to-increase-earnings,,,https://www.linkedin.com/search/results/people/?keywords=Ayodeji+Joseph+Lagos+State+Development+%26+Property+Corp,,,,,"Government body. Work goes through procurement. State-owned corporation, so work goes through procurement. In post since 2021, and current status is unconfirmed."
04-real-estate-property,21,Nigerian Building and Road Research Institute,government,Samson Duna,Director-General,https://guardian.ng/?p=2473256,,,https://www.linkedin.com/search/results/people/?keywords=Samson+Duna+Nigerian+Building+and+Road+Research+Institute,,,,,"Government body. Work goes through procurement. Federal research institute, so work goes through procurement. The handle in the old PDF was corrupted."
04-real-estate-property,22,Octo5 Holdings,researched,Babajide (Jide) Odusolu,"CEO, Octo5 Holdings",https://businessday.ng/real-estate/article/we-are-committed-to-creating-wholesome-urban-communities-octo5-boss/,https://www.linkedin.com/in/jide-odusolu-6904332/,,https://www.linkedin.com/search/results/people/?keywords=Babajide+%28Jide%29+Odusolu+Octo5+Holdings,,,,,
04-real-estate-property,22,Octo5 Holdings,researched,Lauretta Odusolu,Group Executive Director,https://nannews.ng/tag/octo5-holdings-ltd/,,,https://www.linkedin.com/search/results/people/?keywords=Lauretta+Odusolu+Octo5+Holdings,,,,,
04-real-estate-property,23,Alaro City,researched,Yomi Ademola,"Chairman, Rendeavour West Africa",https://www.businesstraveller.com/sponsored/all-work-and-all-play-yomi-ademola-on-how-alaro-city-combines-the-best-of-business-and-community/,,,https://www.linkedin.com/search/results/people/?keywords=Yomi+Ademola+Alaro+City,,,,,"Odunayo Ojo is now CEO of UPDC (04/30), so the Alaro City CEO role may have changed."
04-real-estate-property,23,Alaro City,researched,Odunayo Ojo,"CEO, Alaro City (undated source)",https://dailytrust.com/?p=683692,,,https://www.linkedin.com/search/results/people/?keywords=Odunayo+Ojo+Alaro+City,,,,,"Odunayo Ojo is now CEO of UPDC (04/30), so the Alaro City CEO role may have changed."
04-real-estate-property,24,Eko Atlantic,researched,David Frame,"Chairman, South Energyx Nigeria Ltd (developer)",https://en.wikipedia.org/wiki/Eko_Atlantic,,,https://www.linkedin.com/search/results/people/?keywords=David+Frame+Eko+Atlantic,,,,,Part of the Chagoury Group. Sources are older.
04-real-estate-property,25,Pinnacle Oil and Gas,researched,Adenike Labinjo,Managing Director and CEO (from March 2025),https://businessday.ng/energy/article/pinnacle-oil-appoints-adenike-labinjo-as-new-md-ceo/,,,https://www.linkedin.com/search/results/people/?keywords=Adenike+Labinjo+Pinnacle+Oil+and+Gas,,,,,"Oil and gas company. No property arm was found, so it is a weak fit. The handle in the old PDF was corrupted."
04-real-estate-property,26,TAF Africa Homes,researched,Mustapha Njie,"Founder and CEO, TAF Africa Global",https://www.cnbcafrica.com/2017/taf-africa-homes-ceo-wins-aabla-entrepreneur-of-the-year-award/,,,https://www.linkedin.com/search/results/people/?keywords=Mustapha+Njie+TAF+Africa+Homes,,,,,Gambian-founded pan-African developer. The handle in the old PDF was corrupted.
04-real-estate-property,27,Metro Africa Xpress (MAX),researched,Adetayo Bamiduro,Co-founder and CEO,https://nigeria.endeavor.org/?p=3544,,,https://www.linkedin.com/search/results/people/?keywords=Adetayo+Bamiduro+Metro+Africa+Xpress+%28MAX%29,,,,,Mobility and EV company with no property division found. It fits better under tech (06). The handle in the old PDF was corrupted.
04-real-estate-property,27,Metro Africa Xpress (MAX),researched,Chinedu Azodoh,Co-founder,https://techcabal.com/2019/11/27/my-life-in-tech-a-history-on-bike-hailing-hard-lessons-and-growing-from-chinedu-azodoh/,,,https://www.linkedin.com/search/results/people/?keywords=Chinedu+Azodoh+Metro+Africa+Xpress+%28MAX%29,,,,,Mobility and EV company with no property division found. It fits better under tech (06). The handle in the old PDF was corrupted.
04-real-estate-property,28,Shelter Afrique,not_nigerian,Thierno-Habib Hann,Managing Director and CEO,https://www.businessdailyafrica.com/bd/news/kenya-gets-board-seat-in-shelter-afrique-development-bank-5299786,,,https://www.linkedin.com/search/results/people/?keywords=Thierno-Habib+Hann+Shelter+Afrique,,,,,Not a Nigerian business. Pan-African development bank headquartered in Nairobi. Weak fit.
04-real-estate-property,29,Knight Frank Nigeria,subsidiary,Frank Okosun,Senior Partner and CEO,https://guardian.ng/?p=1070330,,,https://www.linkedin.com/search/results/people/?keywords=Frank+Okosun+Knight+Frank+Nigeria,,,,,"Local arm of a global brand. Brand decisions sit abroad. International brand, so identity is set globally. Pitch event or local content work instead."
04-real-estate-property,30,UPDC (UAC Property),researched,Odunayo Ojo,CEO,https://doclib.ngxgroup.com/Financial_NewsDocs/47451_UPDC_PLC-NOTICE_OF_BOARD_CHANGES_CORPORATE_ACTIONS_JULY_2026.pdf,,,https://www.linkedin.com/search/results/people/?keywords=Odunayo+Ojo+UPDC+%28UAC+Property%29,,,,,The old PDF email domain (upcdc.com) looks like a typo.
04-real-estate-property,31,Veritasi Homes,researched,Adetola Nola,Founder and Managing Director / CEO,https://businessday.ng/?p=346570,https://ng.linkedin.com/in/nola-adetola-a75499136,,https://www.linkedin.com/search/results/people/?keywords=Adetola+Nola+Veritasi+Homes,,,,,
04-real-estate-property,32,Fine and Country Nigeria,researched,Udo Okonjo,"CEO and Vice Chairman, Fine and Country West Africa",https://lbs.edu.ng/?p=10822,https://www.linkedin.com/in/udomaryanneokonjo/,,https://www.linkedin.com/search/results/people/?keywords=Udo+Okonjo+Fine+and+Country+Nigeria,,,,,Franchise of a UK brand.
04-real-estate-property,33,Novarick Homes,researched,Noah Ibrahim,"Founder, Managing Director and CEO",https://www.thisdaylive.com/2020/07/30/ibrahim-ceo-of-novarick-homes-named-one-of-nigerias-top-10-real-estate-disruptors/,https://www.linkedin.com/in/noahibrahim/,,https://www.linkedin.com/search/results/people/?keywords=Noah+Ibrahim+Novarick+Homes,,,,,
04-real-estate-property,34,Urban Shelter,researched,Saadiya Aminu,Managing Director and CEO,https://guardian.ng/apo-press-releases/at-urban-shelter-every-project-offers-chance-to-change-lives-bring-peace-of-mind-saadiya-aminu/,https://www.linkedin.com/in/saadiya-aliyu-70794a127/,,https://www.linkedin.com/search/results/people/?keywords=Saadiya+Aminu+Urban+Shelter,,,,,
04-real-estate-property,34,Urban Shelter,researched,Ibrahim Aliyu,Founder and Chairman,https://au.marketscreener.com/insider/MALLAM-ALIYU-A2P1HV/,,,https://www.linkedin.com/search/results/people/?keywords=Ibrahim+Aliyu+Urban+Shelter,,,,,
04-real-estate-property,35,Pwan Group,researched,Jayne Onwumere,"Co-founder, Group Managing Director and CEO",https://guardian.ng/features/the-guardians-special-focus-on-nigerias-100-most-proactive-result-driven-ceos-in-2020-part-two/,https://www.linkedin.com/in/drjayneonwumere/,,https://www.linkedin.com/search/results/people/?keywords=Jayne+Onwumere+Pwan+Group,,,,,Now trading as PWAN Max.
04-real-estate-property,35,Pwan Group,researched,Augustine Onwumere,Founder and Group Chairman,https://www.thisdaylive.com/2024/12/19/real-estate-giant-pwan-max-unveils-new-status-as-conglomerate-doles-out-9-cars-numerous-other-gifts-prizes/,,,https://www.linkedin.com/search/results/people/?keywords=Augustine+Onwumere+Pwan+Group,,,,,Now trading as PWAN Max.
04-real-estate-property,36,Harcourt Properties,unmatched,,,,,,,,,,,Could not be matched to a real Nigerian business. Confirm before outreach. No Lagos developer called Harcourt Properties was found.
04-real-estate-property,37,Planet Project,researched,Abiodun (Biodun) Otunola,Founding Managing Director,https://businessday.ng/bd-weekender/article/new-era-of-diplomacy-biodun-otunola-inaugurated-as-mexicos-first-honorary-consul-in-lagos/,,,https://www.linkedin.com/search/results/people/?keywords=Abiodun+%28Biodun%29+Otunola+Planet+Project,,,,,"Planet Projects is an engineering and transport firm (it built the Ikeja Bus Terminal), not a high-rise developer."
04-real-estate-property,38,Wemimo Abbey (Vantage),unmatched,,,,,,,,,,,"Could not be matched to a real Nigerian business. Confirm before outreach. Wemimo Abbey co-founded Esusu, a US fintech. No Nigerian company called Vantage Property was found. Drop this row."
04-real-estate-property,39,FirstHomes Africa,researched,Francis Ekeng,Founder,https://businessday.ng/?p=358478,,,https://www.linkedin.com/search/results/people/?keywords=Francis+Ekeng+FirstHomes+Africa,,,,,Rent-to-own model launched in 2019.
04-real-estate-property,39,FirstHomes Africa,researched,Bayo Ogunusi,Co-founder and CFO,https://businessday.ng/?p=358478,,,https://www.linkedin.com/search/results/people/?keywords=Bayo+Ogunusi+FirstHomes+Africa,,,,,Rent-to-own model launched in 2019.
04-real-estate-property,40,Resort International Group,unmatched,,,,,,,,,,,Could not be matched to a real Nigerian business. Confirm before outreach. No company called Resort International Group was found. The handle in the old PDF was corrupted.
04-real-estate-property,41,Alta Developers,unmatched,,,,,,,,,,,Could not be matched to a real Nigerian business. Confirm before outreach. The only firms called Alta Developers are in Miami and Dubai. No Lagos company was found.
04-real-estate-property,42,Northcourt Real Estate,researched,Ayo Ibaru,CEO (from June 2023),https://thisdaylive.com/index.php/2023/06/07/10-years-after-odunsi-exits-as-northcourt-ceo-ibaru-steps-in,,,https://www.linkedin.com/search/results/people/?keywords=Ayo+Ibaru+Northcourt+Real+Estate,,,,,
04-real-estate-property,42,Northcourt Real Estate,researched,Tayo Odunsi,Co-founder (now runs Build Africa),https://thisdaylive.com/index.php/2023/06/07/10-years-after-odunsi-exits-as-northcourt-ceo-ibaru-steps-in,,,https://www.linkedin.com/search/results/people/?keywords=Tayo+Odunsi+Northcourt+Real+Estate,,,,,
04-real-estate-property,43,Brookstone Property,researched,Joseph (Joe) Orji,Managing Partner,https://guardian.ng/business-services/real-estate-firm-unveils-new-luxury-project/,,,https://www.linkedin.com/search/results/people/?keywords=Joseph+%28Joe%29+Orji+Brookstone+Property,,,,,
04-real-estate-property,43,Brookstone Property,researched,Atureta Emmanuel,Managing Partner,https://guardian.ng/business-services/real-estate-firm-unveils-new-luxury-project/,,,https://www.linkedin.com/search/results/people/?keywords=Atureta+Emmanuel+Brookstone+Property,,,,,
04-real-estate-property,44,Urban Prime Properties,duplicate,,,,,,,,,,,"Duplicate. Urban Prime is a LandWey estate project, not a separate developer, so this duplicates 04/2."
04-real-estate-property,45,Troyland Investment,unmatched,,,,,,,,,,,Could not be matched to a real Nigerian business. Confirm before outreach. No Nigerian company called Troyland Investment was found.
04-real-estate-property,46,Zylus Group,researched,Oluwatosin Olatujoye,Group CEO,https://en.wikipedia.org/wiki/Oluwatosin_Olatujoye,https://www.linkedin.com/in/oluwatosin-olatujoye-6a3b20219/,,https://www.linkedin.com/search/results/people/?keywords=Oluwatosin+Olatujoye+Zylus+Group,,,,,
04-real-estate-property,46,Zylus Group,researched,Bukola Olatujoye,"CEO, Zylus Group International",https://www.linkedin.com/in/bukola-olatujoye-735617216/,https://www.linkedin.com/in/bukola-olatujoye-735617216/,,https://www.linkedin.com/search/results/people/?keywords=Bukola+Olatujoye+Zylus+Group,,,,,
04-real-estate-property,47,Misa Real Estate,researched,,,,,,,,,,,"Founder Muritala Adegboyega Ibrahim died in March 2026, and current leadership is not named. MISA Limited is based on Glover Road, Ikoyi."
04-real-estate-property,48,Casa Lagos,unmatched,,,,,,,,,,,"Could not be matched to a real Nigerian business. Confirm before outreach. No luxury short-let brand called Casa Lagos was found. Casa Apartments & Suites Lagos exists, but no owner was named."
04-real-estate-property,49,Etihad Estates,unmatched,,,,,,,,,,,Could not be matched to a real Nigerian business. Confirm before outreach. No Nigerian developer called Etihad Estates was found.
04-real-estate-property,50,RevolutionPlus Property,duplicate,,,,,,,,,,,Duplicate. Merged into 04/5 Revolution Plus. Same company.
05-hospitality-events,1,Landmark Africa,researched,Paul Onwuanibe,"CEO, Landmark Africa Group",https://en.wikipedia.org/wiki/Paul_Onwuanibe,https://www.linkedin.com/in/paul-onwuanibe-2011737/,,https://www.linkedin.com/search/results/people/?keywords=Paul+Onwuanibe+Landmark+Africa,,,,,"The beach resort was demolished in 2024 for the coastal highway, and the group is expanding into new cities. The handle in the old PDF was corrupted."
05-hospitality-events,2,Eko Hotels,researched,Iyadunni Gbadebo,Director of Sales and Marketing,https://guardian.ng/life/events/eko-hotels-legacy-summit-to-groom-future-african-hospitality-leaders-iyadunni-gbadebo/,,,https://www.linkedin.com/search/results/people/?keywords=Iyadunni+Gbadebo+Eko+Hotels,,,,,Covers 05/48 (Eko Convention Centre) and 08/26 (The Spa at Eko Hotels) as well.
05-hospitality-events,2,Eko Hotels,researched,Danny Kioupoureglou,General Manager,https://www.africainterviews.com/eko-hotels-at-50-what-africas-tourism-leaders-say-the-continent-must-do-next/,,,https://www.linkedin.com/search/results/people/?keywords=Danny+Kioupoureglou+Eko+Hotels,,,,,Covers 05/48 (Eko Convention Centre) and 08/26 (The Spa at Eko Hotels) as well.
05-hospitality-events,3,The George Hotel,researched,Tien George,Chairman,https://estateintel.com/insights/a-new-luxury-hotel-for-lagos,,,https://www.linkedin.com/search/results/people/?keywords=Tien+George+The+George+Hotel,,,,,Family-owned hotel managed by the Mantis Group. Sources date from 2014 and 2015.
05-hospitality-events,3,The George Hotel,researched,Dorcas George,Managing Director (2015),https://businessday.ng/art-and-travel/article/a-luxury-hotel-the-george-brand-debuts-in-lagos/,,,https://www.linkedin.com/search/results/people/?keywords=Dorcas+George+The+George+Hotel,,,,,Family-owned hotel managed by the Mantis Group. Sources date from 2014 and 2015.
05-hospitality-events,4,1677 Mayfair,researched,,,,,,,,,,,"Serviced apartments on Sanusi Fafunwa Street, Victoria Island. No owner was named in any source."
05-hospitality-events,5,Radisson Blu Lagos,subsidiary,Ahmed Raza,"General Manager (from 2020) and District Director, Radisson Nigeria",https://www.arise.tv/radisson-blu-anchorage-names-ahmed-raza-new-gm/,,,https://www.linkedin.com/search/results/people/?keywords=Ahmed+Raza+Radisson+Blu+Lagos,,,,,"Local arm of a global brand. Brand decisions sit abroad. International brand, so pitch event or local content work only."
05-hospitality-events,6,Southern Sun Ikoyi,subsidiary,Mark Loxley,General Manager (circa 2018),https://guardian.ng/saturday-magazine/travel-a-tourism/at-10-southern-sun-reiterates-commitment-to-supporting-local-economy/,,,https://www.linkedin.com/search/results/people/?keywords=Mark+Loxley+Southern+Sun+Ikoyi,,,,,"Local arm of a global brand. Brand decisions sit abroad. Southern Sun reportedly sold its Nigerian business, so the current operator and brand are unconfirmed."
05-hospitality-events,7,Four Points by Sheraton Lagos,subsidiary,Kaliq Essop,General Manager (April 2024),https://thisdaylive.com/index.php/2024/04/19/four-points-by-sheraton-hotel-rebrands,,,https://www.linkedin.com/search/results/people/?keywords=Kaliq+Essop+Four+Points+by+Sheraton+Lagos,,,,,Local arm of a global brand. Brand decisions sit abroad. Marriott brand.
05-hospitality-events,7,Four Points by Sheraton Lagos,subsidiary,Monday Usoroh,Director of Sales,https://thisdaylive.com/index.php/2024/04/19/four-points-by-sheraton-hotel-rebrands,,,https://www.linkedin.com/search/results/people/?keywords=Monday+Usoroh+Four+Points+by+Sheraton+Lagos,,,,,Local arm of a global brand. Brand decisions sit abroad. Marriott brand.
05-hospitality-events,8,The Wheatbaker,researched,Simon Grindrod,General Manager,https://businessday.ng/life-arts/article/a-review-of-the-wheatbaker-at-8/,,,https://www.linkedin.com/search/results/people/?keywords=Simon+Grindrod+The+Wheatbaker,,,,,Managed by Legacy Group. A 2024 review still names him as GM. Covers 08/29 (Wheatbaker Spa) as well.
05-hospitality-events,9,Federal Palace Hotel,researched,,,,,,,reservations@suninternational.com,https://www.suninternational.com/federal-palace,,,"Sun International sold its stake in 2024 to an entity linked to the Ibru family, and the owner is Ikeja Hotel Plc. Check its 2025 annual report for current management."
05-hospitality-events,10,InterContinental Lagos,researched,Didier Coeln,General Manager (2013 opening),https://businessday.ng/art-and-travel/article/intercontinental-truly-lagos-hospitality-hotbed/,,,https://www.linkedin.com/search/results/people/?keywords=Didier+Coeln+InterContinental+Lagos,,,,,"The source is very old. The hotel left the IHG brand and now trades as Lagos Continental Hotel, which duplicates 05/27."
05-hospitality-events,11,Transcorp Hilton Abuja,researched,Uzo Oshogwe,"Managing Director and CEO, Transcorp Hotels Plc (from January 2025)",https://heirsholdings.com/?p=25074,,,https://www.linkedin.com/search/results/people/?keywords=Uzo+Oshogwe+Transcorp+Hilton+Abuja,,,,,"Owner of Transcorp Hilton Abuja. Brand work would cover Transcorp Hotels and the Aura app, not the Hilton flag."
05-hospitality-events,12,Hard Rock Cafe Lagos,unresearched,,,,,,,,,,,Not yet researched.
05-hospitality-events,13,Shiro Lagos,duplicate,Sanjay Mahtani,Co-founder (JSM Corporation),https://nairametrics.com/2025/02/23/meet-10-founders-of-the-most-expensive-restaurants-in-lagos/,,,https://www.linkedin.com/search/results/people/?keywords=Sanjay+Mahtani+Shiro+Lagos,,,,,Duplicate. Same company as 03/47 (Shiro Lagos). Contact once.
05-hospitality-events,13,Shiro Lagos,duplicate,Jay Singh,Co-founder,https://nairametrics.com/2025/02/23/meet-10-founders-of-the-most-expensive-restaurants-in-lagos/,,,https://www.linkedin.com/search/results/people/?keywords=Jay+Singh+Shiro+Lagos,,,,,Duplicate. Same company as 03/47 (Shiro Lagos). Contact once.
05-hospitality-events,14,Sailors Lounge,unresearched,,,,,,,,,,,Not yet researched.
05-hospitality-events,15,Quilox Lagos,researched,Shina Peller,Founder (profile lists Quilox),https://www.linkedin.com/in/shina-peller-56399aa2/,https://www.linkedin.com/in/shina-peller-56399aa2/,,https://www.linkedin.com/search/results/people/?keywords=Shina+Peller+Quilox+Lagos,,,,,
05-hospitality-events,16,DNA Lagos,unresearched,,,,,,,,,,,Not yet researched.
05-hospitality-events,17,Moist Lounge,unresearched,,,,,,,,,,,Not yet researched.
05-hospitality-events,18,Escape Nightlife,unresearched,,,,,,,,,,,Not yet researched.
05-hospitality-events,19,Tiger Lagos,unresearched,,,,,,,,,,,Not yet researched.
05-hospitality-events,20,Bay Lounge,researched,,,,,,,info@bayloungeltd.com,https://www.finelib.com/listing/Bay-Lounge/62066/,,,
05-hospitality-events,21,Upbeat Recreation Centre,researched,,,,,,,upbeatcentre@gmail.com,https://www.finelib.com/listing/Upbeat-Recreation-Centre/84141,,,
05-hospitality-events,22,RSVP Lagos,unresearched,,,,,,,,,,,Not yet researched.
05-hospitality-events,23,Livespot360,researched,Deola Art Alade,Co-founder and Group CEO,https://www.linkedin.com/in/deolaartalade/,https://www.linkedin.com/in/deolaartalade/,,https://www.linkedin.com/search/results/people/?keywords=Deola+Art+Alade+Livespot360,,,,,
05-hospitality-events,23,Livespot360,researched,Darey Art Alade,Co-founder and Chief Creative Officer,https://www.linkedin.com/in/darey-art-alade-28575b106/,https://www.linkedin.com/in/darey-art-alade-28575b106/,,https://www.linkedin.com/search/results/people/?keywords=Darey+Art+Alade+Livespot360,,,,,
05-hospitality-events,24,BetaRaves,unresearched,,,,,,,,,,,Not yet researched.
05-hospitality-events,25,Eventbrite Nigeria,unresearched,,,,,,,,,,,Not yet researched.
05-hospitality-events,26,Naija Events,unresearched,,,,,,,,,,,Not yet researched.
05-hospitality-events,27,Lagos Continental Hotel,researched,Karl Hala,"General Manager (2021) and Group GM, Continental Hotels",https://atcnews.org/lagos-continental-hotel-welcomes-karl-hala-as-general-manager/,,,https://www.linkedin.com/search/results/people/?keywords=Karl+Hala+Lagos+Continental+Hotel,,,,,Formerly the InterContinental Lagos (05/10).
05-hospitality-events,28,NICON Luxury Hotel,researched,,,,,,,info@niconluxury.com,https://www.finelib.com/listing/Nicon-Luxury-Hotel-Abuja/3936,,,
05-hospitality-events,29,Protea Hotel Lagos,researched,Margaret Asian,"General Manager, Protea Hotel Ikeja Select",https://www.linkedin.com/in/margaret-asian-3a88a242/,https://www.linkedin.com/in/margaret-asian-3a88a242/,,https://www.linkedin.com/search/results/people/?keywords=Margaret+Asian+Protea+Hotel+Lagos,,,,,
05-hospitality-events,30,Alara Lagos,researched,Reni Folawiyo,Founder,https://www.linkedin.com/in/reni-folawiyo-b5792295/,https://www.linkedin.com/in/reni-folawiyo-b5792295/,,https://www.linkedin.com/search/results/people/?keywords=Reni+Folawiyo+Alara+Lagos,,,,,
05-hospitality-events,31,The Blowfish Hotel,researched,,,,,https://ng.linkedin.com/company/the-blowfish-group,,reservation@theblowfishhotel.com,https://drupal.oxfordbusinessgroup.com/node/942484,,,
05-hospitality-events,32,House 15,unresearched,,,,,,,,,,,Not yet researched.
05-hospitality-events,33,Montego Bay Lagos,unresearched,,,,,,,,,,,Not yet researched.
05-hospitality-events,34,Sky Restaurant,unresearched,,,,,,,,,,,Not yet researched.
05-hospitality-events,35,Nok by Alara,researched,Reni Folawiyo,Founder (NOK is part of Alara),https://www.linkedin.com/in/reni-folawiyo-b5792295/,https://www.linkedin.com/in/reni-folawiyo-b5792295/,,https://www.linkedin.com/search/results/people/?keywords=Reni+Folawiyo+Nok+by+Alara,,,,,
05-hospitality-events,36,La Taverna,unresearched,,,,,,,,,,,Not yet researched.
05-hospitality-events,37,CityGate Events,unresearched,,,,,,,,,,,Not yet researched.
05-hospitality-events,38,EventsNG,unresearched,,,,,,,,,,,Not yet researched.
05-hospitality-events,39,The Civic Centre,researched,,,,,,,info@theciviccentre.com,https://www.finelib.com/listing/The-Civic-Centre/37515,,,
05-hospitality-events,40,Oriental Hotel,researched,,,,,,,info@lagosoriental.com,https://www.finelib.com/listing/Lagos-Oriental-Hotel/37503,,,
05-hospitality-events,41,Kwarleyz Residence,unresearched,,,,,,,,,,,Not yet researched.
05-hospitality-events,42,Golden Tulip Lagos,unresearched,,,,,,,,,,,Not yet researched.
05-hospitality-events,43,Ibis Lagos,unresearched,,,,,,,,,,,Not yet researched.
05-hospitality-events,44,Best Western Lagos,unresearched,,,,,,,,,,,Not yet researched.
05-hospitality-events,45,Afrika Shrine,unresearched,,,,,,,,,,,Not yet researched.
05-hospitality-events,46,Terra Kulture,duplicate,Bolanle Austen-Peters,Founder and Managing Director,https://en.wikipedia.org/wiki/Bolanle_Austen-Peters,https://www.linkedin.com/in/bolanle-austen-peters-a18abb194/,,https://www.linkedin.com/search/results/people/?keywords=Bolanle+Austen-Peters+Terra+Kulture,,,,,Duplicate. Same company as 03/20 (Terra Kulture). Contact once.
05-hospitality-events,47,Muson Centre,unresearched,,,,,,,,,,,Not yet researched.
05-hospitality-events,48,Eko Convention Centre,duplicate,Iyadunni Gbadebo,Director of Sales and Marketing,https://guardian.ng/life/events/eko-hotels-legacy-summit-to-groom-future-african-hospitality-leaders-iyadunni-gbadebo/,,,https://www.linkedin.com/search/results/people/?keywords=Iyadunni+Gbadebo+Eko+Convention+Centre,,,,,Duplicate. Same company as 05/2 (Eko Hotels). Contact once.
05-hospitality-events,48,Eko Convention Centre,duplicate,Danny Kioupoureglou,General Manager,https://www.africainterviews.com/eko-hotels-at-50-what-africas-tourism-leaders-say-the-continent-must-do-next/,,,https://www.linkedin.com/search/results/people/?keywords=Danny+Kioupoureglou+Eko+Convention+Centre,,,,,Duplicate. Same company as 05/2 (Eko Hotels). Contact once.
05-hospitality-events,49,Freedom Park Lagos,researched,Theo Lawson,Founder and Chairman,https://www.linkedin.com/in/theo-lawson-2834092b/,https://www.linkedin.com/in/theo-lawson-2834092b/,,https://www.linkedin.com/search/results/people/?keywords=Theo+Lawson+Freedom+Park+Lagos,,,,,
05-hospitality-events,50,The Haven Event Centre,unresearched,,,,,,,,,,,Not yet researched.
06-tech-saas,1,Bumpa,researched,,,,,,,,,,,"Domain bumpa.shop returned a 404 in earlier research, so the real domain is unconfirmed."
06-tech-saas,2,Kippa,researched,Kennedy Ekezie-Joseph,Co-founder and CEO,https://www.linkedin.com/in/kennedyekezie/,https://www.linkedin.com/in/kennedyekezie/,,https://www.linkedin.com/search/results/people/?keywords=Kennedy+Ekezie-Joseph+Kippa,,,,,
06-tech-saas,3,Bujeti,researched,Samy Chiba,Co-founder and COO,https://www.linkedin.com/in/samychiba/,https://www.linkedin.com/in/samychiba/,,https://www.linkedin.com/search/results/people/?keywords=Samy+Chiba+Bujeti,,,,,
06-tech-saas,4,Vendease,researched,Olumide Fayankin,Co-founder and CEO,https://ng.linkedin.com/in/olumide-fayankin-%F0%9F%90%9C-3a450339,https://ng.linkedin.com/in/olumide-fayankin-%F0%9F%90%9C-3a450339,,https://www.linkedin.com/search/results/people/?keywords=Olumide+Fayankin+Vendease,,,,,
06-tech-saas,4,Vendease,researched,Gatumi Aliyu,Co-founder and CPO,https://www.linkedin.com/in/gatumialiyu/,https://www.linkedin.com/in/gatumialiyu/,,https://www.linkedin.com/search/results/people/?keywords=Gatumi+Aliyu+Vendease,,,,,
06-tech-saas,5,SeamlessHR,researched,Deji Lana,Co-founder and CTO (CEO is Emmanuel Okeleji),https://www.linkedin.com/in/dejjy/,https://www.linkedin.com/in/dejjy/,,https://www.linkedin.com/search/results/people/?keywords=Deji+Lana+SeamlessHR,,,,,
06-tech-saas,6,Helium Health,researched,Ralph Oluwole,Co-founder and Head of Growth,https://ng.linkedin.com/in/ralpholuwole,https://ng.linkedin.com/in/ralpholuwole,,https://www.linkedin.com/search/results/people/?keywords=Ralph+Oluwole+Helium+Health,,,,,
06-tech-saas,7,Termii,researched,Emmanuel Gbolade,Co-founder and CEO,https://www.linkedin.com/in/gboladeemmanuel/,https://www.linkedin.com/in/gboladeemmanuel/,,https://www.linkedin.com/search/results/people/?keywords=Emmanuel+Gbolade+Termii,,,,,
06-tech-saas,8,Chowdeck,duplicate,Femi Aluko,Co-founder and CEO,https://www.ycombinator.com/companies/chowdeck,https://www.linkedin.com/in/femialuko/,,https://www.linkedin.com/search/results/people/?keywords=Femi+Aluko+Chowdeck,hello@chowdeck.com,Earlier research pass (published general address),chowdeck.com,,Duplicate. Same company as 03/3 (Chowdeck). Contact once.
06-tech-saas,8,Chowdeck,duplicate,Lanre Yusuf,Co-founder and COO,https://www.ycombinator.com/companies/chowdeck,,,https://www.linkedin.com/search/results/people/?keywords=Lanre+Yusuf+Chowdeck,hello@chowdeck.com,Earlier research pass (published general address),chowdeck.com,,Duplicate. Same company as 03/3 (Chowdeck). Contact once.
06-tech-saas,8,Chowdeck,duplicate,Olumide Ojo,Co-founder and CTO,https://www.ycombinator.com/companies/chowdeck,,,https://www.linkedin.com/search/results/people/?keywords=Olumide+Ojo+Chowdeck,hello@chowdeck.com,Earlier research pass (published general address),chowdeck.com,,Duplicate. Same company as 03/3 (Chowdeck). Contact once.
06-tech-saas,9,PiggyVest,researched,Somtochukwu Ifezue,Co-founder and CEO,https://www.linkedin.com/in/somtoifezue/,https://www.linkedin.com/in/somtoifezue/,,https://www.linkedin.com/search/results/people/?keywords=Somtochukwu+Ifezue+PiggyVest,,,,,
06-tech-saas,9,PiggyVest,researched,Joshua Chibueze,Co-founder and CMO,https://ng.linkedin.com/in/jchibueze,https://ng.linkedin.com/in/jchibueze,,https://www.linkedin.com/search/results/people/?keywords=Joshua+Chibueze+PiggyVest,,,,,
06-tech-saas,9,PiggyVest,researched,Odunayo Eweniyi,Co-founder and COO,https://uk.linkedin.com/in/odunayoeweniyi,https://uk.linkedin.com/in/odunayoeweniyi,,https://www.linkedin.com/search/results/people/?keywords=Odunayo+Eweniyi+PiggyVest,,,,,
06-tech-saas,10,Cowrywise,researched,Razaq Ahmed,Co-founder and CEO (named on company page),https://ng.linkedin.com/company/cowrywise,https://ng.linkedin.com/company/cowrywise,https://ng.linkedin.com/company/cowrywise,https://www.linkedin.com/search/results/people/?keywords=Razaq+Ahmed+Cowrywise,,,,,
06-tech-saas,11,Mono,researched,Abdulhamid (Abdul) Hassan,Co-founder and CEO (Mono is now owned by Flutterwave),https://ng.linkedin.com/in/ijbkid,https://ng.linkedin.com/in/ijbkid,,https://www.linkedin.com/search/results/people/?keywords=Abdulhamid+%28Abdul%29+Hassan+Mono,,,,,
06-tech-saas,12,Stears,researched,Preston Timeyin Ideh,Co-founder and CEO,https://www.linkedin.com/in/preston-timeyin-ideh-06484775/,https://www.linkedin.com/in/preston-timeyin-ideh-06484775/,,https://www.linkedin.com/search/results/people/?keywords=Preston+Timeyin+Ideh+Stears,,,,,
06-tech-saas,12,Stears,researched,Michael Famoroti,Co-founder and Head of Intelligence,https://ng.linkedin.com/in/michael-famoroti-b1b0b740,https://ng.linkedin.com/in/michael-famoroti-b1b0b740,,https://www.linkedin.com/search/results/people/?keywords=Michael+Famoroti+Stears,,,,,
06-tech-saas,13,Korapay,researched,Dickson Nsofor,CEO (company page link),https://ng.linkedin.com/company/kora-pay,https://ng.linkedin.com/company/kora-pay,https://ng.linkedin.com/company/kora-pay,https://www.linkedin.com/search/results/people/?keywords=Dickson+Nsofor+Korapay,,,,,
06-tech-saas,14,Grey.co,researched,Idorenyin Obong,Co-founder and CEO,https://www.linkedin.com/in/kingidee/,https://www.linkedin.com/in/kingidee/,,https://www.linkedin.com/search/results/people/?keywords=Idorenyin+Obong+Grey.co,,,,,
06-tech-saas,15,Brass,researched,Emmanuel Okeke,Co-founder and CTO (company page link),https://ng.linkedin.com/company/joinbrass,https://ng.linkedin.com/company/joinbrass,https://ng.linkedin.com/company/joinbrass,https://www.linkedin.com/search/results/people/?keywords=Emmanuel+Okeke+Brass,,,,,
06-tech-saas,16,Risevest,researched,Eke Urum,Co-founder and CEO,https://www.linkedin.com/company/rise-vest,https://www.linkedin.com/company/rise-vest,https://www.linkedin.com/company/rise-vest,https://www.linkedin.com/search/results/people/?keywords=Eke+Urum+Risevest,,,,,
06-tech-saas,17,Bamboo,researched,Richmond Bassey,Co-founder and CEO,https://www.linkedin.com/in/richmondbassey/,https://www.linkedin.com/in/richmondbassey/,,https://www.linkedin.com/search/results/people/?keywords=Richmond+Bassey+Bamboo,,,,,
06-tech-saas,18,Patricia,unresearched,,,,,,,,,,,Not yet researched.
06-tech-saas,19,Qore (Sterling Bank),unresearched,,,,,,,,,,,Not yet researched.
06-tech-saas,20,Anchor,researched,Segun Adeyemi,CEO,https://uk.linkedin.com/in/segunadeyemi,https://uk.linkedin.com/in/segunadeyemi,,https://www.linkedin.com/search/results/people/?keywords=Segun+Adeyemi+Anchor,,,,,
06-tech-saas,21,Eden Life,researched,Nadayar Enegesi,Co-founder and CEO,https://www.linkedin.com/in/nadayar/,https://www.linkedin.com/in/nadayar/,,https://www.linkedin.com/search/results/people/?keywords=Nadayar+Enegesi+Eden+Life,,,,,
06-tech-saas,22,Shuttlers,researched,Damilola Olokesusi,Co-founder and CEO,https://ng.linkedin.com/in/damilola-olokesusi-37638035,https://ng.linkedin.com/in/damilola-olokesusi-37638035,,https://www.linkedin.com/search/results/people/?keywords=Damilola+Olokesusi+Shuttlers,,,,,
06-tech-saas,23,Gokada,researched,,,,,,,marketing@gokada.ng,https://www.autotouch.ai/prospecting/gokada,,,
06-tech-saas,24,Kwik,researched,,,,,,,contact@kwik.delivery,https://www.finelib.com/listing/kwik/80957,,,
06-tech-saas,25,Topship,researched,Moses O Enenwali,Co-founder and CEO,https://www.linkedin.com/in/moses-o-enenwali-b37694192/,https://www.linkedin.com/in/moses-o-enenwali-b37694192/,,https://www.linkedin.com/search/results/people/?keywords=Moses+O+Enenwali+Topship,,,,,
06-tech-saas,26,Releaf,researched,Ikenna Nzewi,Co-founder and CEO,https://www.linkedin.com/in/inzewi/,https://www.linkedin.com/in/inzewi/,,https://www.linkedin.com/search/results/people/?keywords=Ikenna+Nzewi+Releaf,,,,,
06-tech-saas,27,ThriveAgric,researched,Uka Eje,Co-founder and CEO,https://www.linkedin.com/company/thriveagric,https://www.linkedin.com/company/thriveagric,https://www.linkedin.com/company/thriveagric,https://www.linkedin.com/search/results/people/?keywords=Uka+Eje+ThriveAgric,,,,,
06-tech-saas,28,Farmcrowdy,researched,Onyeka Akumah,Founder and Chairman (now CEO of Treepz),https://ng.linkedin.com/in/onyekaakumah,https://ng.linkedin.com/in/onyekaakumah,,https://www.linkedin.com/search/results/people/?keywords=Onyeka+Akumah+Farmcrowdy,,,,,
06-tech-saas,29,Autochek,researched,Etop Ikpe,Founder and CEO,https://ng.linkedin.com/company/autocheknigeria,https://ng.linkedin.com/company/autocheknigeria,https://ng.linkedin.com/company/autocheknigeria,https://www.linkedin.com/search/results/people/?keywords=Etop+Ikpe+Autochek,,,,,
06-tech-saas,30,Moove,unresearched,,,,,,,,,,,Not yet researched.
06-tech-saas,31,Prospa,unresearched,,,,,,,,,,,Not yet researched.
06-tech-saas,32,Zoho Africa,unresearched,,,,,,,,,,,Not yet researched.
06-tech-saas,33,Traction Apps,unresearched,,,,,,,,,,,Not yet researched.
06-tech-saas,34,Indicina,researched,Yvonne Johnson,Co-founder and CEO,https://ng.linkedin.com/in/yvonneoyetakin,https://ng.linkedin.com/in/yvonneoyetakin,,https://www.linkedin.com/search/results/people/?keywords=Yvonne+Johnson+Indicina,,,,,
06-tech-saas,35,Payaza,researched,Seyi Ebenezer,Founder and Group CEO,https://ng.linkedin.com/company/payaza-africa,https://ng.linkedin.com/company/payaza-africa,https://ng.linkedin.com/company/payaza-africa,https://www.linkedin.com/search/results/people/?keywords=Seyi+Ebenezer+Payaza,,,,,
06-tech-saas,35,Payaza,researched,Philips Akinyele,Co-founder and CTO,https://www.linkedin.com/in/philips-akinyele-7a80b030/,https://www.linkedin.com/in/philips-akinyele-7a80b030/,https://ng.linkedin.com/company/payaza-africa,https://www.linkedin.com/search/results/people/?keywords=Philips+Akinyele+Payaza,,,,,
06-tech-saas,36,Sabi,researched,Ademola Adesina,Co-founder and President,https://www.linkedin.com/in/aadesina/,https://www.linkedin.com/in/aadesina/,,https://www.linkedin.com/search/results/people/?keywords=Ademola+Adesina+Sabi,,,,,
06-tech-saas,36,Sabi,researched,Anu Adedoyin Adasolum,Co-founder and CEO,https://www.linkedin.com/in/anuadasolum/,https://www.linkedin.com/in/anuadasolum/,,https://www.linkedin.com/search/results/people/?keywords=Anu+Adedoyin+Adasolum+Sabi,,,,,
06-tech-saas,37,TradeDepot,researched,Onyekachi Izukanne,Co-founder and CEO,https://www.linkedin.com/in/kachizukanne/,https://www.linkedin.com/in/kachizukanne/,,https://www.linkedin.com/search/results/people/?keywords=Onyekachi+Izukanne+TradeDepot,,,,,
06-tech-saas,38,Omnibiz,researched,Deepankar Rustagi,"Founder and CEO, OmniRetail",https://ng.linkedin.com/company/omniretail-technology-limited,https://ng.linkedin.com/company/omniretail-technology-limited,https://ng.linkedin.com/company/omniretail-technology-limited,https://www.linkedin.com/search/results/people/?keywords=Deepankar+Rustagi+Omnibiz,,,,,
06-tech-saas,39,mPharma,researched,Gregory Rockson,Co-founder and CEO,https://www.linkedin.com/in/gregory-rockson-43804449/,https://www.linkedin.com/in/gregory-rockson-43804449/,,https://www.linkedin.com/search/results/people/?keywords=Gregory+Rockson+mPharma,,,,,
06-tech-saas,40,54gene,unresearched,,,,,,,,,,,Not yet researched.
06-tech-saas,41,Bundle Africa,unresearched,,,,,,,,,,,Not yet researched.
06-tech-saas,42,Getequity,researched,Jude Dike,Co-founder and CEO,https://www.linkedin.com/in/dikejudein/,https://www.linkedin.com/in/dikejudein/,,https://www.linkedin.com/search/results/people/?keywords=Jude+Dike+Getequity,,,,,
06-tech-saas,43,Dojah,researched,Oluwatobiloba Ololade,CEO,https://www.linkedin.com/in/ololaday/,https://www.linkedin.com/in/ololaday/,,https://www.linkedin.com/search/results/people/?keywords=Oluwatobiloba+Ololade+Dojah,,,,,
06-tech-saas,44,Okra,researched,Fara Ashiru,Co-founder and CEO,https://www.linkedin.com/in/faraashiru/,https://www.linkedin.com/in/faraashiru/,,https://www.linkedin.com/search/results/people/?keywords=Fara+Ashiru+Okra,,,,,
06-tech-saas,45,Payhippo,researched,Dami Olawoye,CEO,https://uk.linkedin.com/in/dami-olawoye-53548822,https://uk.linkedin.com/in/dami-olawoye-53548822,,https://www.linkedin.com/search/results/people/?keywords=Dami+Olawoye+Payhippo,,,,,
06-tech-saas,46,Earnipay,researched,Nonso Onwuzulike,CEO,https://www.linkedin.com/in/nonsoonwuzulike/,https://www.linkedin.com/in/nonsoonwuzulike/,,https://www.linkedin.com/search/results/people/?keywords=Nonso+Onwuzulike+Earnipay,,,,,
06-tech-saas,47,Decagon,unresearched,,,,,,,,,,,Not yet researched.
06-tech-saas,48,AltSchool Africa,researched,Adewale Yusuf,Co-founder and CEO,https://www.linkedin.com/in/adewaleyusuf/,https://www.linkedin.com/in/adewaleyusuf/,,https://www.linkedin.com/search/results/people/?keywords=Adewale+Yusuf+AltSchool+Africa,,,,,
06-tech-saas,49,Turing (Nigeria office),unresearched,,,,,,,,,,,Not yet researched.
06-tech-saas,50,Nomba,researched,Adeyinka (Yinka) Adewale,Co-founder and CEO,https://www.linkedin.com/in/adeyinka-adewale-7b779448/,https://www.linkedin.com/in/adeyinka-adewale-7b779448/,,https://www.linkedin.com/search/results/people/?keywords=Adeyinka+%28Yinka%29+Adewale+Nomba,,,,,
07-fintech-financial-services,1,OPay,researched,Iniabasi Akpan,"Managing Director and Country Manager, OPay Nigeria",https://ng.linkedin.com/in/iniabasi-akpan-577a7622,https://ng.linkedin.com/in/iniabasi-akpan-577a7622,,https://www.linkedin.com/search/results/people/?keywords=Iniabasi+Akpan+OPay,,,,,
07-fintech-financial-services,2,Moniepoint,researched,Tosin Eniolorunda,Co-founder and Group CEO,https://uk.linkedin.com/in/tosin-eniolorunda-46833618,https://uk.linkedin.com/in/tosin-eniolorunda-46833618,,https://www.linkedin.com/search/results/people/?keywords=Tosin+Eniolorunda+Moniepoint,,,,,
07-fintech-financial-services,3,Kuda Bank,researched,Babs Ogundeyi,Co-founder and CEO,https://ng.linkedin.com/in/babsogundeyi,https://ng.linkedin.com/in/babsogundeyi,,https://www.linkedin.com/search/results/people/?keywords=Babs+Ogundeyi+Kuda+Bank,,,,,
07-fintech-financial-services,4,Carbon,researched,Ngozi Dozie,Co-founder,https://www.linkedin.com/in/ngozidozie/,https://www.linkedin.com/in/ngozidozie/,,https://www.linkedin.com/search/results/people/?keywords=Ngozi+Dozie+Carbon,,,,,
07-fintech-financial-services,4,Carbon,researched,Chijioke Dozie,Co-founder and co-CEO,https://www.linkedin.com/in/chijiokedozie/,https://www.linkedin.com/in/chijiokedozie/,,https://www.linkedin.com/search/results/people/?keywords=Chijioke+Dozie+Carbon,,,,,
07-fintech-financial-services,5,PiggyVest,duplicate,Somtochukwu Ifezue,Co-founder and CEO,https://www.linkedin.com/in/somtoifezue/,https://www.linkedin.com/in/somtoifezue/,,https://www.linkedin.com/search/results/people/?keywords=Somtochukwu+Ifezue+PiggyVest,,,,,Duplicate. Same company as 06/9 (PiggyVest). Contact once.
07-fintech-financial-services,5,PiggyVest,duplicate,Joshua Chibueze,Co-founder and CMO,https://ng.linkedin.com/in/jchibueze,https://ng.linkedin.com/in/jchibueze,,https://www.linkedin.com/search/results/people/?keywords=Joshua+Chibueze+PiggyVest,,,,,Duplicate. Same company as 06/9 (PiggyVest). Contact once.
07-fintech-financial-services,5,PiggyVest,duplicate,Odunayo Eweniyi,Co-founder and COO,https://uk.linkedin.com/in/odunayoeweniyi,https://uk.linkedin.com/in/odunayoeweniyi,,https://www.linkedin.com/search/results/people/?keywords=Odunayo+Eweniyi+PiggyVest,,,,,Duplicate. Same company as 06/9 (PiggyVest). Contact once.
07-fintech-financial-services,6,Flutterwave,researched,Olugbenga (GB) Agboola,Co-founder and CEO,https://www.linkedin.com/in/gbagboola/,https://www.linkedin.com/in/gbagboola/,,https://www.linkedin.com/search/results/people/?keywords=Olugbenga+%28GB%29+Agboola+Flutterwave,,,,,
07-fintech-financial-services,7,Paystack,researched,Shola Akinlade,Co-founder and CEO,https://www.linkedin.com/in/shollsman/,https://www.linkedin.com/in/shollsman/,,https://www.linkedin.com/search/results/people/?keywords=Shola+Akinlade+Paystack,,,,,
07-fintech-financial-services,8,Paga,researched,Tayo Oviosu,Founder and Group CEO,https://www.linkedin.com/in/oviosu/,https://www.linkedin.com/in/oviosu/,,https://www.linkedin.com/search/results/people/?keywords=Tayo+Oviosu+Paga,,,,,
07-fintech-financial-services,9,FairMoney,researched,Laurin Hainy,Co-founder and CEO,https://www.linkedin.com/in/laurin-nabuko-hainy-03a5b862/,https://www.linkedin.com/in/laurin-nabuko-hainy-03a5b862/,,https://www.linkedin.com/search/results/people/?keywords=Laurin+Hainy+FairMoney,,,,,
07-fintech-financial-services,10,TeamApt (Moniepoint),duplicate,Tosin Eniolorunda,Co-founder and Group CEO,https://uk.linkedin.com/in/tosin-eniolorunda-46833618,https://uk.linkedin.com/in/tosin-eniolorunda-46833618,,https://www.linkedin.com/search/results/people/?keywords=Tosin+Eniolorunda+TeamApt+%28Moniepoint%29,,,,,Duplicate. Same company as 07/2 (Moniepoint). Contact once.
07-fintech-financial-services,11,Cowrywise,duplicate,Razaq Ahmed,Co-founder and CEO (named on company page),https://ng.linkedin.com/company/cowrywise,https://ng.linkedin.com/company/cowrywise,https://ng.linkedin.com/company/cowrywise,https://www.linkedin.com/search/results/people/?keywords=Razaq+Ahmed+Cowrywise,,,,,Duplicate. Same company as 06/10 (Cowrywise). Contact once.
07-fintech-financial-services,12,Risevest,duplicate,Eke Urum,Co-founder and CEO,https://www.linkedin.com/company/rise-vest,https://www.linkedin.com/company/rise-vest,https://www.linkedin.com/company/rise-vest,https://www.linkedin.com/search/results/people/?keywords=Eke+Urum+Risevest,,,,,Duplicate. Same company as 06/16 (Risevest). Contact once.
07-fintech-financial-services,13,Bamboo,duplicate,Richmond Bassey,Co-founder and CEO,https://www.linkedin.com/in/richmondbassey/,https://www.linkedin.com/in/richmondbassey/,,https://www.linkedin.com/search/results/people/?keywords=Richmond+Bassey+Bamboo,,,,,Duplicate. Same company as 06/17 (Bamboo). Contact once.
07-fintech-financial-services,14,Chaka,researched,Tosin Osibodu,CEO,https://ng.linkedin.com/in/tosinosibodu,https://ng.linkedin.com/in/tosinosibodu,,https://www.linkedin.com/search/results/people/?keywords=Tosin+Osibodu+Chaka,,,,,
07-fintech-financial-services,15,Trove,unresearched,,,,,,,,,,,Not yet researched.
07-fintech-financial-services,16,Aella Credit,researched,Akin Jones,"Co-founder and CEO (now Chairman, Aella MFB)",https://www.linkedin.com/in/akin-j-65b89ba/,https://www.linkedin.com/in/akin-j-65b89ba/,,https://www.linkedin.com/search/results/people/?keywords=Akin+Jones+Aella+Credit,,,,,
07-fintech-financial-services,17,Renmoney,researched,,,,,https://ng.linkedin.com/company/renmoneyng,,app@renmoney.com,https://apps.apple.com/ng/app/renmoney-mfb/id1491158086,,,
07-fintech-financial-services,18,Lidya,researched,Tunde Kehinde,Co-founder and CEO,https://www.linkedin.com/in/tunde-kehinde-048aa635/,https://www.linkedin.com/in/tunde-kehinde-048aa635/,,https://www.linkedin.com/search/results/people/?keywords=Tunde+Kehinde+Lidya,,,,,
07-fintech-financial-services,19,OneFi (Carbon parent),researched,,,,,,,customer@getcarbon.co,https://techcabal.com/2026/05/22/customer-care-numbers-banks-fintechs-nigeria/,,,
07-fintech-financial-services,20,Branch Nigeria,researched,,,,,,,nigeria@branch.co,https://nairacompare.ng/personal-loans/quick-loans/branch-branch-personal-loan,,,
07-fintech-financial-services,21,Sparkle,researched,Uzoma Dozie,Founder and CEO,https://ng.linkedin.com/company/sparklenigeria,https://ng.linkedin.com/company/sparklenigeria,https://ng.linkedin.com/company/sparklenigeria,https://www.linkedin.com/search/results/people/?keywords=Uzoma+Dozie+Sparkle,,,,,
07-fintech-financial-services,22,VFD Microfinance Bank,researched,,,,,,,support@vbank.ng,https://nairacompare.ng/providers/vfd-microfinance-bank,,,
07-fintech-financial-services,23,LAPO Microfinance,researched,Cynthia Ikponmwosa,Managing Director and CEO,https://www.linkedin.com/in/cynthia-ikponmwosa-5b469a383/,https://www.linkedin.com/in/cynthia-ikponmwosa-5b469a383/,,https://www.linkedin.com/search/results/people/?keywords=Cynthia+Ikponmwosa+LAPO+Microfinance,,,,,
07-fintech-financial-services,24,Mintyn Digital Bank,unresearched,,,,,,,,,,,Not yet researched.
07-fintech-financial-services,25,Rubies Microfinance,unresearched,,,,,,,,,,,Not yet researched.
07-fintech-financial-services,26,Earnipay,duplicate,Nonso Onwuzulike,CEO,https://www.linkedin.com/in/nonsoonwuzulike/,https://www.linkedin.com/in/nonsoonwuzulike/,,https://www.linkedin.com/search/results/people/?keywords=Nonso+Onwuzulike+Earnipay,,,,,Duplicate. Same company as 06/46 (Earnipay). Contact once.
07-fintech-financial-services,27,Brass,duplicate,Emmanuel Okeke,Co-founder and CTO (company page link),https://ng.linkedin.com/company/joinbrass,https://ng.linkedin.com/company/joinbrass,https://ng.linkedin.com/company/joinbrass,https://www.linkedin.com/search/results/people/?keywords=Emmanuel+Okeke+Brass,,,,,Duplicate. Same company as 06/15 (Brass). Contact once.
07-fintech-financial-services,28,Bloc,researched,Edmund Olotu,Founder,https://ng.linkedin.com/company/buildwithbloc,https://ng.linkedin.com/company/buildwithbloc,https://ng.linkedin.com/company/buildwithbloc,https://www.linkedin.com/search/results/people/?keywords=Edmund+Olotu+Bloc,,,,,
07-fintech-financial-services,29,Anchor,duplicate,Segun Adeyemi,CEO,https://uk.linkedin.com/in/segunadeyemi,https://uk.linkedin.com/in/segunadeyemi,,https://www.linkedin.com/search/results/people/?keywords=Segun+Adeyemi+Anchor,,,,,Duplicate. Same company as 06/20 (Anchor). Contact once.
07-fintech-financial-services,30,Lenco,researched,,,,,https://ng.linkedin.com/company/lencobank,,support@lenco.ng,https://jobs.techstars.com/companies/lenco-technologies-2-9cf267cb-5827-44f5-a84b-7ac5df406f68,,,
07-fintech-financial-services,31,Stanbic IBTC,unresearched,,,,,,,,,,,Not yet researched.
07-fintech-financial-services,32,GTBank,unresearched,,,,,,,,,,,Not yet researched.
07-fintech-financial-services,33,Access Bank,researched,Roosevelt Ogbonna,Group Managing Director and CEO,https://ng.linkedin.com/in/roosevelt-ogbonna-b3875744,https://ng.linkedin.com/in/roosevelt-ogbonna-b3875744,,https://www.linkedin.com/search/results/people/?keywords=Roosevelt+Ogbonna+Access+Bank,,,,,
07-fintech-financial-services,34,Wema Bank (ALAT),researched,Moruf Oseni,Managing Director and CEO (from April 2023),https://www.linkedin.com/company/wemabankplc,https://www.linkedin.com/company/wemabankplc,https://www.linkedin.com/company/wemabankplc,https://www.linkedin.com/search/results/people/?keywords=Moruf+Oseni+Wema+Bank+%28ALAT%29,,,,,
07-fintech-financial-services,35,Sterling Bank,researched,,,,,,,customercare@sterling.ng,https://nairacompare.ng/providers/sterling-bank-plc,,,
07-fintech-financial-services,36,Coronation Insurance,researched,,,,,,,contactcentre@coronationinsurance.com.ng,https://eu-assets.contentstack.com/v3/assets/bltacf39601912ccb86/bltf7b1b9dd6ec81524/65e1b8d90f7fab040aa0f646/FAQs.pdf,,,
07-fintech-financial-services,37,Leadway Assurance,researched,,,,,,,insure@leadway.com,https://nairacompare.ng/insurance/car-insurance/leadway-assurance-company-ltd,,,
07-fintech-financial-services,38,AXA Mansard,researched,Tope Adeniyi,"CEO, AXA Mansard Health",https://www.linkedin.com/in/tope-adeniyi-673a8316/,https://www.linkedin.com/in/tope-adeniyi-673a8316/,,https://www.linkedin.com/search/results/people/?keywords=Tope+Adeniyi+AXA+Mansard,,,,,
07-fintech-financial-services,39,Heirs Insurance,researched,Wole Fayemi,"MD and CEO, Heirs General Insurance",https://ng.linkedin.com/in/wole-fayemi-81379333,https://ng.linkedin.com/in/wole-fayemi-81379333,,https://www.linkedin.com/search/results/people/?keywords=Wole+Fayemi+Heirs+Insurance,,,,,
07-fintech-financial-services,39,Heirs Insurance,researched,Niyi Onifade,"MD and CEO, Heirs Life Assurance",https://www.linkedin.com/in/niyionifade/,https://www.linkedin.com/in/niyionifade/,,https://www.linkedin.com/search/results/people/?keywords=Niyi+Onifade+Heirs+Insurance,,,,,
07-fintech-financial-services,40,Tangerine Life,researched,,,,,,,hello@tangerine.africa,https://nairacompare.ng/insurance/car-insurance/tangerine-general-insurance-ltd,,,
07-fintech-financial-services,41,Ceviant Finance,unresearched,,,,,,,,,,,Not yet researched.
07-fintech-financial-services,42,Payfixy,unresearched,,,,,,,,,,,Not yet researched.
07-fintech-financial-services,43,Remita,researched,John Tanimola Obaro,"Founder and Group Managing Director, SystemSpecs (owner of Remita)",https://ng.linkedin.com/in/john-tanimola-obaro,https://ng.linkedin.com/in/john-tanimola-obaro,,https://www.linkedin.com/search/results/people/?keywords=John+Tanimola+Obaro+Remita,,,,,
07-fintech-financial-services,44,Interswitch,researched,Mitchell Elegbe,Founder and Group Managing Director and CEO,https://www.linkedin.com/company/interswitch-limited,https://www.linkedin.com/company/interswitch-limited,https://www.linkedin.com/company/interswitch-limited,https://www.linkedin.com/search/results/people/?keywords=Mitchell+Elegbe+Interswitch,,,,,
07-fintech-financial-services,45,eTranzact,unresearched,,,,,,,,,,,Not yet researched.
07-fintech-financial-services,46,SystemSpecs (Remita),researched,John Tanimola Obaro,"Founder and Group Managing Director, SystemSpecs",https://ng.linkedin.com/in/john-tanimola-obaro,https://ng.linkedin.com/in/john-tanimola-obaro,,https://www.linkedin.com/search/results/people/?keywords=John+Tanimola+Obaro+SystemSpecs+%28Remita%29,,,,,
07-fintech-financial-services,47,Africa Prudential,researched,,,,,,,cxc@africaprudential.com,https://doclib.ngxgroup.com/Financial_NewsDocs/47489_AFRICA_PRUDENTIAL_PLC-CORPORATE_ACTION_ANNOUNCEMENT_CORPORATE_ACTIONS_JULY_2026.pdf,,,
07-fintech-financial-services,48,Providus Bank,researched,Walter Akpani,Managing Director (as of about 2024),https://ng.linkedin.com/company/providusbank,https://ng.linkedin.com/company/providusbank,https://ng.linkedin.com/company/providusbank,https://www.linkedin.com/search/results/people/?keywords=Walter+Akpani+Providus+Bank,,,,,
07-fintech-financial-services,49,TrustBanc Holdings,unresearched,,,,,,,,,,,Not yet researched.
07-fintech-financial-services,50,Fidelity Bank,researched,Nneka Onyeali-Ikpe,Managing Director and CEO,https://ng.linkedin.com/in/nneka-onyeali-ikpe,https://ng.linkedin.com/in/nneka-onyeali-ikpe,,https://www.linkedin.com/search/results/people/?keywords=Nneka+Onyeali-Ikpe+Fidelity+Bank,,,,,
08-health-wellness,1,i-Fitness,researched,Foluso Ogunwale,Founder and CEO,https://ng.linkedin.com/company/ifitness-centre-ltd,https://ng.linkedin.com/company/ifitness-centre-ltd,https://ng.linkedin.com/company/ifitness-centre-ltd,https://www.linkedin.com/search/results/people/?keywords=Foluso+Ogunwale+i-Fitness,,,,,
08-health-wellness,2,Bodyline Fitness,unresearched,,,,,,,,,,,Not yet researched.
08-health-wellness,3,EliteBox Fitness,researched,,,,,,,mail@eliteboxng.com,https://connectciti.com/listing/elitebox-fitness,,,
08-health-wellness,4,Pure Fitness Africa,unresearched,,,,,,,,,,,Not yet researched.
08-health-wellness,5,Starke Fitness,unresearched,,,,,,,,,,,Not yet researched.
08-health-wellness,6,CapitaHealth,unresearched,,,,,,,,,,,Not yet researched.
08-health-wellness,7,The Green Place,unresearched,,,,,,,,,,,Not yet researched.
08-health-wellness,8,Oriki Group,researched,Joycee Awosika,"Founder and Managing Director, ORIKI Group",https://www.linkedin.com/in/joyceeawosika/,https://www.linkedin.com/in/joyceeawosika/,,https://www.linkedin.com/search/results/people/?keywords=Joycee+Awosika+Oriki+Group,,,,,
08-health-wellness,9,Nuli App,unmatched,,,,,,,,,,,Could not be matched to a real Nigerian business. Confirm before outreach. Earlier research could not match this to a real Nigerian business.
08-health-wellness,10,Mimi's Medicals,unmatched,,,,,,,,,,,Could not be matched to a real Nigerian business. Confirm before outreach. Earlier research could not match this to a real Nigerian business.
08-health-wellness,11,GymNation Nigeria,unmatched,,,,,,,,,,,Could not be matched to a real Nigerian business. Confirm before outreach. Earlier research could not match this to a real Nigerian business.
08-health-wellness,12,Fitness Factory,unmatched,,,,,,,,,,,Could not be matched to a real Nigerian business. Confirm before outreach. Earlier research could not match this to a real Nigerian business.
08-health-wellness,13,Zumba Lagos,unresearched,,,,,,,,,,,Not yet researched.
08-health-wellness,14,CrossFit Lagos,unmatched,,,,,,,,,,,Could not be matched to a real Nigerian business. Confirm before outreach. Earlier research could not match this to a real Nigerian business.
08-health-wellness,15,MOSH Fitness,unmatched,,,,,,,,,,,Could not be matched to a real Nigerian business. Confirm before outreach. Earlier research could not match this to a real Nigerian business.
08-health-wellness,16,Health Plus Pharmacy,researched,Bukky George,Founder and Managing Director,https://ng.linkedin.com/in/bukky-george-4769a12b,https://ng.linkedin.com/in/bukky-george-4769a12b,,https://www.linkedin.com/search/results/people/?keywords=Bukky+George+Health+Plus+Pharmacy,,,,,
08-health-wellness,17,MedPlus,researched,Joke Bakare,Founder and CEO,https://www.linkedin.com/company/medplus-pharmacy-limited,https://www.linkedin.com/company/medplus-pharmacy-limited,https://www.linkedin.com/company/medplus-pharmacy-limited,https://www.linkedin.com/search/results/people/?keywords=Joke+Bakare+MedPlus,,,,,
08-health-wellness,18,Reddington Hospital,researched,Emmanuel Matthews,"Group COO, Reddington Hospital",https://www.linkedin.com/in/emmanuel-matthews-44821b15/,https://www.linkedin.com/in/emmanuel-matthews-44821b15/,,https://www.linkedin.com/search/results/people/?keywords=Emmanuel+Matthews+Reddington+Hospital,,,,,
08-health-wellness,19,Lagoon Hospital,researched,,,,,,,customerservice@lagoonhospitals.com,https://www.gov.uk/government/publications/nigeria-list-of-medical-facilitiespractitioners/nigeria-list-of-medical-facilities,,,
08-health-wellness,20,EverCare Hospital,unresearched,,,,,,,,,,,Not yet researched.
08-health-wellness,21,Flying Doctors Nigeria,researched,,,,,,,sales@flyingdoctorsnigeria.com,https://www.flyingdoctorsnigeria.com/?p=2053,,,
08-health-wellness,22,WellNewMe,unresearched,,,,,,,,,,,Not yet researched.
08-health-wellness,23,Reliance HMO,researched,Femi Kuti,Co-founder and CEO,https://www.linkedin.com/in/femikuti/,https://www.linkedin.com/in/femikuti/,,https://www.linkedin.com/search/results/people/?keywords=Femi+Kuti+Reliance+HMO,,,,,
08-health-wellness,24,Hygeia HMO,researched,,,,,https://ng.linkedin.com/company/hygeia-hmo,,hycare@hygeiahmo.com,https://www.finelib.com/listing/Hygeia-HMO/7398/,,,
08-health-wellness,25,Leadway Health,researched,Oladipupo Awosika,Chairman of the Board,https://www.linkedin.com/in/oladipupo-awosika-07a99010/,https://www.linkedin.com/in/oladipupo-awosika-07a99010/,,https://www.linkedin.com/search/results/people/?keywords=Oladipupo+Awosika+Leadway+Health,,,,,
08-health-wellness,26,The Spa at Eko Hotels,duplicate,Iyadunni Gbadebo,Director of Sales and Marketing,https://guardian.ng/life/events/eko-hotels-legacy-summit-to-groom-future-african-hospitality-leaders-iyadunni-gbadebo/,,,https://www.linkedin.com/search/results/people/?keywords=Iyadunni+Gbadebo+The+Spa+at+Eko+Hotels,,,,,Duplicate. Same company as 05/2 (Eko Hotels). Contact once.
08-health-wellness,26,The Spa at Eko Hotels,duplicate,Danny Kioupoureglou,General Manager,https://www.africainterviews.com/eko-hotels-at-50-what-africas-tourism-leaders-say-the-continent-must-do-next/,,,https://www.linkedin.com/search/results/people/?keywords=Danny+Kioupoureglou+The+Spa+at+Eko+Hotels,,,,,Duplicate. Same company as 05/2 (Eko Hotels). Contact once.
08-health-wellness,27,Ruby Spa,unresearched,,,,,,,,,,,Not yet researched.
08-health-wellness,28,Lotus Spa,unresearched,,,,,,,,,,,Not yet researched.
08-health-wellness,29,Wheatbaker Spa,duplicate,Simon Grindrod,General Manager,https://businessday.ng/life-arts/article/a-review-of-the-wheatbaker-at-8/,,,https://www.linkedin.com/search/results/people/?keywords=Simon+Grindrod+Wheatbaker+Spa,,,,,Duplicate. Same company as 05/8 (The Wheatbaker). Contact once.
08-health-wellness,30,Skin101 Clinic,duplicate,,,,,,,,,,,Duplicate. Same company as 02/22 (Skin101 Clinics). Contact once.
08-health-wellness,31,AskNiara Fitness,unresearched,,,,,,,,,,,Not yet researched.
08-health-wellness,32,BurnFit Nigeria,unresearched,,,,,,,,,,,Not yet researched.
08-health-wellness,33,FitLab,unresearched,,,,,,,,,,,Not yet researched.
08-health-wellness,34,Jumia Food Health,unresearched,,,,,,,,,,,Not yet researched.
08-health-wellness,35,GOFitness,unresearched,,,,,,,,,,,Not yet researched.
08-health-wellness,36,YogaSol,unresearched,,,,,,,,,,,Not yet researched.
08-health-wellness,37,Pilates Lagos,unresearched,,,,,,,,,,,Not yet researched.
08-health-wellness,38,Thistle Gym,unresearched,,,,,,,,,,,Not yet researched.
08-health-wellness,39,Body Perfect Fitness,unresearched,,,,,,,,,,,Not yet researched.
08-health-wellness,40,Life Gym,unresearched,,,,,,,,,,,Not yet researched.
08-health-wellness,41,NutriFit Nigeria,unresearched,,,,,,,,,,,Not yet researched.
08-health-wellness,42,Vitafoam (Wellness),researched,Taiwo Adeniyi,Group Managing Director,https://ng.linkedin.com/in/adeniyi-taiwo-ayodele-73472685,https://ng.linkedin.com/in/adeniyi-taiwo-ayodele-73472685,,https://www.linkedin.com/search/results/people/?keywords=Taiwo+Adeniyi+Vitafoam+%28Wellness%29,,,,,
08-health-wellness,43,Paelon Memorial Clinic,researched,Ngozi Onyia,Founder and Managing Director,https://www.linkedin.com/in/ngozi-onyia-71291b24/,https://www.linkedin.com/in/ngozi-onyia-71291b24/,,https://www.linkedin.com/search/results/people/?keywords=Ngozi+Onyia+Paelon+Memorial+Clinic,,,,,
08-health-wellness,44,Nordica Fertility Centre,researched,Abayomi Ajayi,Founder and MD,https://www.linkedin.com/in/abayomi-ajayi-77a94b22/,https://www.linkedin.com/in/abayomi-ajayi-77a94b22/,,https://www.linkedin.com/search/results/people/?keywords=Abayomi+Ajayi+Nordica+Fertility+Centre,,,,,
08-health-wellness,45,The Gym Lagos,unresearched,,,,,,,,,,,Not yet researched.
08-health-wellness,46,Total Child Hospital,unresearched,,,,,,,,,,,Not yet researched.
08-health-wellness,47,Livewell Initiative,unresearched,,,,,,,,,,,Not yet researched.
08-health-wellness,48,Africa Health Holdings,unresearched,,,,,,,,,,,Not yet researched.
08-health-wellness,49,Whispa Health,researched,Morenike Fajemisin,Founder and CEO,https://www.linkedin.com/in/morenikefajemisin/,https://www.linkedin.com/in/morenikefajemisin/,,https://www.linkedin.com/search/results/people/?keywords=Morenike+Fajemisin+Whispa+Health,,,,,
08-health-wellness,50,Doctoora,unresearched,,,,,,,,,,,Not yet researched.
09-entertainment-media,1,Chocolate City Music,researched,Abuchi Peter Ugwu,"CEO, Chocolate City Music",https://www.linkedin.com/in/abuchi-peter-ugwu/,https://www.linkedin.com/in/abuchi-peter-ugwu/,,https://www.linkedin.com/search/results/people/?keywords=Abuchi+Peter+Ugwu+Chocolate+City+Music,,,,,
09-entertainment-media,1,Chocolate City Music,researched,Audu Maikori,"Founder and Chairman, Chocolate City Group",https://www.linkedin.com/in/audumaikori/,https://www.linkedin.com/in/audumaikori/,,https://www.linkedin.com/search/results/people/?keywords=Audu+Maikori+Chocolate+City+Music,,,,,
09-entertainment-media,2,Mavin Records,researched,Tega Oghenejobo,"President and COO, Mavin Global",https://www.linkedin.com/in/peter-tega-oghenejobo-680a3044/,https://www.linkedin.com/in/peter-tega-oghenejobo-680a3044/,,https://www.linkedin.com/search/results/people/?keywords=Tega+Oghenejobo+Mavin+Records,,,,,
09-entertainment-media,3,960 Music Group,researched,Mark Redguard,Head of 960 Music Group,https://ng.linkedin.com/company/960-music-group,https://ng.linkedin.com/company/960-music-group,https://ng.linkedin.com/company/960-music-group,https://www.linkedin.com/search/results/people/?keywords=Mark+Redguard+960+Music+Group,,,,,
09-entertainment-media,4,InterSpace Distribution,researched,Eric Okechukwu,CEO,https://ng.linkedin.com/in/eric-okechukwu,https://ng.linkedin.com/in/eric-okechukwu,,https://www.linkedin.com/search/results/people/?keywords=Eric+Okechukwu+InterSpace+Distribution,,,,,
09-entertainment-media,5,DVPPER,unresearched,,,,,,,,,,,Not yet researched.
09-entertainment-media,6,Freeme Music,researched,Michael Ugwu,Founder and CEO,https://www.linkedin.com/in/freemedigital/,https://www.linkedin.com/in/freemedigital/,,https://www.linkedin.com/search/results/people/?keywords=Michael+Ugwu+Freeme+Music,,,,,
09-entertainment-media,7,Coventi,researched,Kunle Bamigboye,Co-founder and CEO,https://www.linkedin.com/in/kunle-bamigboye/,https://www.linkedin.com/in/kunle-bamigboye/,,https://www.linkedin.com/search/results/people/?keywords=Kunle+Bamigboye+Coventi,,,,,
09-entertainment-media,8,Gusto Entertainment,unresearched,,,,,,,,,,,Not yet researched.
09-entertainment-media,9,Mediaworks,unresearched,,,,,,,,,,,Not yet researched.
09-entertainment-media,10,DC Talent,unresearched,,,,,,,,,,,Not yet researched.
09-entertainment-media,11,Starboy Entertainment,unresearched,,,,,,,,,,,Not yet researched.
09-entertainment-media,12,DMW,unresearched,,,,,,,,,,,Not yet researched.
09-entertainment-media,13,Spaceship Entertainment,unresearched,,,,,,,,,,,Not yet researched.
09-entertainment-media,14,Aristokrat Records,unresearched,,,,,,,,,,,Not yet researched.
09-entertainment-media,15,Platoon (Nigeria),unresearched,,,,,,,,,,,Not yet researched.
09-entertainment-media,16,Africa Magic,unresearched,,,,,,,,,,,Not yet researched.
09-entertainment-media,17,IROKOtv,researched,Jason Njoku,Co-founder and CEO,https://www.linkedin.com/in/jasonnj/,https://www.linkedin.com/in/jasonnj/,,https://www.linkedin.com/search/results/people/?keywords=Jason+Njoku+IROKOtv,,,,,
09-entertainment-media,18,FilmOne Distribution,researched,Moses Babatope,"Co-founder, FilmOne",https://www.linkedin.com/in/moses-babatope-9ba014134/,https://www.linkedin.com/in/moses-babatope-9ba014134/,,https://www.linkedin.com/search/results/people/?keywords=Moses+Babatope+FilmOne+Distribution,,,,,
09-entertainment-media,19,Ebonylife Media,researched,Mo Abudu,"Founder and CEO, EbonyLife Group",https://ng.linkedin.com/in/mo-abudu,https://ng.linkedin.com/in/mo-abudu,,https://www.linkedin.com/search/results/people/?keywords=Mo+Abudu+Ebonylife+Media,,,,,
09-entertainment-media,20,Anthill Studios,researched,Niyi Akinmolayan,Founder and creative director,https://www.linkedin.com/in/niyiakinmolayan/,https://www.linkedin.com/in/niyiakinmolayan/,,https://www.linkedin.com/search/results/people/?keywords=Niyi+Akinmolayan+Anthill+Studios,,,,,
09-entertainment-media,21,Showmax Nigeria,researched,Laura Cooke,"Head of Communications, Showmax (group)",https://stories.showmax.com/ke/press-resources,,,https://www.linkedin.com/search/results/people/?keywords=Laura+Cooke+Showmax+Nigeria,,,,,
09-entertainment-media,22,TellyAfrica,unresearched,,,,,,,,,,,Not yet researched.
09-entertainment-media,23,Beat FM,researched,Chris Ubosi,"CEO, MegaLectrics (operator of The Beat 99.9 FM)",https://www.linkedin.com/in/chrisubosi/,https://www.linkedin.com/in/chrisubosi/,,https://www.linkedin.com/search/results/people/?keywords=Chris+Ubosi+Beat+FM,,,,,
09-entertainment-media,24,Cool FM,researched,,,,,,,info@coolfm.ng,https://www.finelib.com/listing/Cool-FM-969-Lagos/2219,,,
09-entertainment-media,25,The Cable,researched,Simon Kolawole,Founder and CEO,https://www.linkedin.com/in/simon-kolawole-41a71194/,https://www.linkedin.com/in/simon-kolawole-41a71194/,,https://www.linkedin.com/search/results/people/?keywords=Simon+Kolawole+The+Cable,,,,,
09-entertainment-media,26,BellaNaija,duplicate,Uche Pedro,"Founder and CEO, BellaNaija",https://weforum.org/people/uche-pedro,https://www.linkedin.com/in/uchepedro/,,https://www.linkedin.com/search/results/people/?keywords=Uche+Pedro+BellaNaija,,,,,Duplicate. Same company as 02/7 (BN Beauty). Contact once.
09-entertainment-media,27,Pulse Nigeria,unresearched,,,,,,,,,,,Not yet researched.
09-entertainment-media,28,Zikoko,researched,Anita Ebinehita Eboigbe,"COO, Big Cabal Media (owner of Zikoko)",https://ng.linkedin.com/in/anita-ebinehita-eboigbe,https://ng.linkedin.com/in/anita-ebinehita-eboigbe,,https://www.linkedin.com/search/results/people/?keywords=Anita+Ebinehita+Eboigbe+Zikoko,,,,,
09-entertainment-media,29,Konbini Nigeria,unresearched,,,,,,,,,,,Not yet researched.
09-entertainment-media,30,Native Mag,unresearched,,,,,,,,,,,Not yet researched.
09-entertainment-media,31,Street Souk,researched,Iretidayo Zaccheaus,Founder and convenor,https://ng.linkedin.com/company/street-souk,https://ng.linkedin.com/company/street-souk,https://ng.linkedin.com/company/street-souk,https://www.linkedin.com/search/results/people/?keywords=Iretidayo+Zaccheaus+Street+Souk,,,,,
09-entertainment-media,32,Afro Nation Nigeria,unresearched,,,,,,,,,,,Not yet researched.
09-entertainment-media,33,Lagos Biennial,researched,,,,,,,opencall@lagos-biennial.org,https://biennialfoundation.org/2019/09/the-lagos-biennial-curatorial-intensive-programme-open-call/,,,
09-entertainment-media,34,ART X Lagos,researched,Tokini Peterside-Schwebig,Founder,https://www.linkedin.com/in/tokinipeterside/,https://www.linkedin.com/in/tokinipeterside/,,https://www.linkedin.com/search/results/people/?keywords=Tokini+Peterside-Schwebig+ART+X+Lagos,,,,,
09-entertainment-media,35,GTBank Fashion Weekend,unresearched,,,,,,,,,,,Not yet researched.
09-entertainment-media,36,SocialMediaWeek Lagos,unresearched,,,,,,,,,,,Not yet researched.
09-entertainment-media,37,Flytime Music Festival,researched,,,,,https://ng.linkedin.com/company/flytimefest,,sponsorship@flytimefest.com,https://blog.flytimefest.com/?p=7036,,,
09-entertainment-media,38,Experience Lagos,unresearched,,,,,,,,,,,Not yet researched.
09-entertainment-media,39,Gidi Culture Festival,unresearched,,,,,,,,,,,Not yet researched.
09-entertainment-media,40,One Africa Music Fest,unresearched,,,,,,,,,,,Not yet researched.
09-entertainment-media,41,Dentaa Show,unresearched,,,,,,,,,,,Not yet researched.
09-entertainment-media,42,The Ndani Group,researched,Otega Idadi,"Head of Production, NdaniTV",https://ng.linkedin.com/in/otega-idadi-6bb14475,https://ng.linkedin.com/in/otega-idadi-6bb14475,,https://www.linkedin.com/search/results/people/?keywords=Otega+Idadi+The+Ndani+Group,,,,,
09-entertainment-media,43,Red Media Africa,researched,,,,,https://ng.linkedin.com/company/redmediaafrica,,redmediaafrica@gmail.com,https://www.finelib.com/listing/Red-Media-Africa-Surulere/79131,,,
09-entertainment-media,44,Mosaic Media,unresearched,,,,,,,,,,,Not yet researched.
09-entertainment-media,45,Temple Management,researched,Idris Olorunnimbe,"Founder and Group CEO, The Temple Company",https://www.linkedin.com/in/idris-olorunnimbe-03b867119/,https://www.linkedin.com/in/idris-olorunnimbe-03b867119/,,https://www.linkedin.com/search/results/people/?keywords=Idris+Olorunnimbe+Temple+Management,,,,,
09-entertainment-media,46,Insight Publicis,researched,,,,,https://ng.linkedin.com/company/insight-publicis,,,,,,
09-entertainment-media,47,Noah's Ark Communications,researched,Lanre Adisa,Founder and Chief Creative Officer,https://ng.linkedin.com/company/noah's-ark-communications,https://ng.linkedin.com/company/noah's-ark-communications,https://ng.linkedin.com/company/noah's-ark-communications,https://www.linkedin.com/search/results/people/?keywords=Lanre+Adisa+Noah%27s+Ark+Communications,,,,,
09-entertainment-media,48,X3M Music,unresearched,,,,,,,,,,,Not yet researched.
09-entertainment-media,49,Smooth Promotions,researched,Ayo Animashaun,"Founder and CEO, Smooth Promotions, HipTV and The Headies",https://www.linkedin.com/in/ayo-animashaun-1226494a/,https://www.linkedin.com/in/ayo-animashaun-1226494a/,,https://www.linkedin.com/search/results/people/?keywords=Ayo+Animashaun+Smooth+Promotions,,,,,
09-entertainment-media,50,TRACE Naija,unresearched,,,,,,,,,,,Not yet researched.
10-education-professional-development,1,Digital Marketing Skill,unresearched,,,,,,,,,,,Not yet researched.
10-education-professional-development,2,The Bulb Africa,researched,Wande Adams,Co-founder and CEO,https://www.linkedin.com/in/wandeadams/,https://www.linkedin.com/in/wandeadams/,,https://www.linkedin.com/search/results/people/?keywords=Wande+Adams+The+Bulb+Africa,,,,,
10-education-professional-development,3,Andela,unresearched,,,,,,,,,,,Not yet researched.
10-education-professional-development,4,NIIT Nigeria,unresearched,,,,,,,,,,,Not yet researched.
10-education-professional-development,5,BincomDevCenter,unresearched,,,,,,,,,,,Not yet researched.
10-education-professional-development,6,uLesson,researched,Sim Shagaya,Founder and Group CEO (moving to Executive Chairman),https://www.linkedin.com/in/simdul/,https://www.linkedin.com/in/simdul/,,https://www.linkedin.com/search/results/people/?keywords=Sim+Shagaya+uLesson,,,,,
10-education-professional-development,6,uLesson,researched,Iheanyichukwu Akwitti,CEO-designate (from June 2026),https://www.linkedin.com/in/iheanyichukwuakwitti/,https://www.linkedin.com/in/iheanyichukwuakwitti/,,https://www.linkedin.com/search/results/people/?keywords=Iheanyichukwu+Akwitti+uLesson,,,,,
10-education-professional-development,7,Learning Fortress,unresearched,,,,,,,,,,,Not yet researched.
10-education-professional-development,8,TechBridge Consulting,unresearched,,,,,,,,,,,Not yet researched.
10-education-professional-development,9,LearnFlourish,unresearched,,,,,,,,,,,Not yet researched.
10-education-professional-development,10,AltSchool Africa,duplicate,Adewale Yusuf,Co-founder and CEO,https://www.linkedin.com/in/adewaleyusuf/,https://www.linkedin.com/in/adewaleyusuf/,,https://www.linkedin.com/search/results/people/?keywords=Adewale+Yusuf+AltSchool+Africa,,,,,Duplicate. Same company as 06/48 (AltSchool Africa). Contact once.
10-education-professional-development,11,Decagon,duplicate,,,,,,,,,,,Duplicate. Same company as 06/47 (Decagon). Contact once. Not yet researched.
10-education-professional-development,12,HiiT Plc,researched,,,,,,,enquiries@hiitplc.com,https://www.finelib.com/listing/HiiT-Plc/4608,,,
10-education-professional-development,13,New Horizons Nigeria,researched,Timothy (Tim) Akano,Managing Director,https://www.linkedin.com/in/tim-akano-638999185/,https://www.linkedin.com/in/tim-akano-638999185/,,https://www.linkedin.com/search/results/people/?keywords=Timothy+%28Tim%29+Akano+New+Horizons+Nigeria,,,,,
10-education-professional-development,14,Utiva,researched,Eyitayo Ogunmola,Founder and CEO,https://www.linkedin.com/in/eyitayoogunmola/,https://www.linkedin.com/in/eyitayoogunmola/,,https://www.linkedin.com/search/results/people/?keywords=Eyitayo+Ogunmola+Utiva,,,,,
10-education-professional-development,15,Side Hustle Internship,researched,,,,,https://ng.linkedin.com/company/sidehustleng,,,,,,
10-education-professional-development,16,Semicolon Africa,researched,Sam Immanuel,CEO (one source names Adeyinka Adedokun),https://www.linkedin.com/in/samimmanuel/,https://www.linkedin.com/in/samimmanuel/,,https://www.linkedin.com/search/results/people/?keywords=Sam+Immanuel+Semicolon+Africa,,,,,
10-education-professional-development,17,Stutern,researched,Kehinde Ayanleye,Co-founder and CEO,https://capitalfm.africa/myhustle-naija-twins-hand-picked-for-obama-foundation-program/,,,https://www.linkedin.com/search/results/people/?keywords=Kehinde+Ayanleye+Stutern,,,,,
10-education-professional-development,17,Stutern,researched,Taiwo Ayanleye,Co-founder,https://capitalfm.africa/myhustle-naija-twins-hand-picked-for-obama-foundation-program/,,,https://www.linkedin.com/search/results/people/?keywords=Taiwo+Ayanleye+Stutern,,,,,
10-education-professional-development,18,Ingressive For Good,researched,,,,,,,hello@ingressive.org,https://thecondia.com/ingressive-for-good-impact-african-youths/,,,
10-education-professional-development,19,She Code Africa,researched,Ada Nduka Oyom,Founder and executive director,https://www.linkedin.com/in/ada-nduka-oyom/,https://www.linkedin.com/in/ada-nduka-oyom/,,https://www.linkedin.com/search/results/people/?keywords=Ada+Nduka+Oyom+She+Code+Africa,,,,,
10-education-professional-development,20,Google Developer Groups Lagos,unresearched,,,,,,,,,,,Not yet researched.
10-education-professional-development,21,Jobberman,researched,Ore Boboye,CEO,https://www.linkedin.com/company/jobbermannigeria,https://www.linkedin.com/company/jobbermannigeria,https://www.linkedin.com/company/jobbermannigeria,https://www.linkedin.com/search/results/people/?keywords=Ore+Boboye+Jobberman,,,,,
10-education-professional-development,22,MyJobMag,researched,,,,,,,services@myjobmag.com,https://www.finelib.com/listing/MyJobMag-Limited/41388,,,
10-education-professional-development,23,FATE Foundation,researched,Adenike Adeyemi,Executive Director,https://www.linkedin.com/company/fate-foundation,https://www.linkedin.com/company/fate-foundation,https://www.linkedin.com/company/fate-foundation,https://www.linkedin.com/search/results/people/?keywords=Adenike+Adeyemi+FATE+Foundation,,,,,
10-education-professional-development,24,Enterprise Development Centre,researched,,,,,,,edc@pau.edu.ng,https://lsetf.ng/content/enterprise-development-centre,,,
10-education-professional-development,25,Tony Elumelu Foundation,researched,Somachi Chris-Asoluka,CEO,https://www.linkedin.com/in/somachi-chris-asoluka-39041013/,https://www.linkedin.com/in/somachi-chris-asoluka-39041013/,,https://www.linkedin.com/search/results/people/?keywords=Somachi+Chris-Asoluka+Tony+Elumelu+Foundation,,,,,
10-education-professional-development,26,Lagos Business School,researched,Olayinka David-West,Dean,https://www.linkedin.com/in/olayinka-david-west/,https://www.linkedin.com/in/olayinka-david-west/,,https://www.linkedin.com/search/results/people/?keywords=Olayinka+David-West+Lagos+Business+School,,,,,
10-education-professional-development,27,Pan-Atlantic University,researched,Enase Okonedo,Vice-Chancellor (as of 2023),https://www.linkedin.com/in/enase-odu-okonedo-5614771/,https://www.linkedin.com/in/enase-odu-okonedo-5614771/,,https://www.linkedin.com/search/results/people/?keywords=Enase+Okonedo+Pan-Atlantic+University,,,,,
10-education-professional-development,28,Covenant University,unresearched,,,,,,,,,,,Not yet researched.
10-education-professional-development,29,Babcock University,researched,,,,,,,info@babcock.edu.ng,https://legacy.babcock.edu.ng/info/36,,,
10-education-professional-development,30,African Leadership University,researched,,,,,,,info@alueducation.com,https://anishaffar.org/schools-colleges/,,,
10-education-professional-development,31,Tekedia Institute,researched,Ndubuisi Ekekwe,Founder,https://www.linkedin.com/in/ndubuisi-ekekwe-36068210/,https://www.linkedin.com/in/ndubuisi-ekekwe-36068210/,,https://www.linkedin.com/search/results/people/?keywords=Ndubuisi+Ekekwe+Tekedia+Institute,,,,,
10-education-professional-development,32,EdTech Foundry,unresearched,,,,,,,,,,,Not yet researched.
10-education-professional-development,33,PrepClass,researched,Olumide Ogunlana,Co-founder,https://www.linkedin.com/in/olumide-ogunlana-55b08242/,https://www.linkedin.com/in/olumide-ogunlana-55b08242/,,https://www.linkedin.com/search/results/people/?keywords=Olumide+Ogunlana+PrepClass,,,,,
10-education-professional-development,34,Gradely,researched,Boye Oshinaga,Co-founder and CEO,https://ng.linkedin.com/in/boyeoshinaga,https://ng.linkedin.com/in/boyeoshinaga,,https://www.linkedin.com/search/results/people/?keywords=Boye+Oshinaga+Gradely,,,,,
10-education-professional-development,35,ScholarX,researched,,,,,,,advisory@scholarx.co,https://techcabal.com/2016/08/01/scholarx/,,,
10-education-professional-development,36,TGM Education,researched,,,,,,,info@tgmeducation.com,https://www.finelib.com/listing/TGM-Education/34920,,,
10-education-professional-development,37,Schoolgate,unresearched,,,,,,,,,,,Not yet researched.
10-education-professional-development,38,Flex Finance Academy,unresearched,,,,,,,,,,,Not yet researched.
10-education-professional-development,39,Phillips Consulting,researched,Foluso Phillips,Chairman,https://www.linkedin.com/in/foluso-phillips-ba695122/,https://www.linkedin.com/in/foluso-phillips-ba695122/,,https://www.linkedin.com/search/results/people/?keywords=Foluso+Phillips+Phillips+Consulting,,,,,
10-education-professional-development,40,KPMG Nigeria (Training),researched,,,,,,,ng-fmtaxenquiries@ng.kpmg.com,https://kpmg.com/kpmg-us/content/dam/kpmg/taxnewsflash/pdf/2024/12/tnf-tp-nigeria-dec9-2024.pdf,,,
10-education-professional-development,41,Nigerian Seminars & Trainings,unresearched,,,,,,,,,,,Not yet researched.
10-education-professional-development,42,Afrilearn,researched,Isaac Oladipupo,Co-founder and CEO,https://ng.linkedin.com/company/afrilearn,https://ng.linkedin.com/company/afrilearn,https://ng.linkedin.com/company/afrilearn,https://www.linkedin.com/search/results/people/?keywords=Isaac+Oladipupo+Afrilearn,,,,,
10-education-professional-development,42,Afrilearn,researched,Gabriel Olatunji-Legend,Co-founder and Head of Content,https://www.linkedin.com/in/olatunjilegend/,https://www.linkedin.com/in/olatunjilegend/,https://ng.linkedin.com/company/afrilearn,https://www.linkedin.com/search/results/people/?keywords=Gabriel+Olatunji-Legend+Afrilearn,,,,,
10-education-professional-development,43,Edukoya,researched,Honey Ogundeyi,Founder. Reported shut down in February 2025.,https://uk.linkedin.com/company/edukoya,https://uk.linkedin.com/company/edukoya,https://uk.linkedin.com/company/edukoya,https://www.linkedin.com/search/results/people/?keywords=Honey+Ogundeyi+Edukoya,,,,,
10-education-professional-development,44,Teachable (Nigeria users),unresearched,,,,,,,,,,,Not yet researched.
10-education-professional-development,45,Roqqu Academy,unresearched,,,,,,,,,,,Not yet researched.
10-education-professional-development,46,Business Day Training,unresearched,,,,,,,,,,,Not yet researched.
10-education-professional-development,47,CIPM Nigeria,researched,,,,,https://ng.linkedin.com/company/chartered-institute-of-personnel-management-of-nigeria,,info@cipmnigeria.org,https://www.finelib.com/listing/Chartered-Institute-of-Personnel-Management/37087,,,
10-education-professional-development,48,ICAN Nigeria,researched,,,,,,,info.ican@ican.org.ng,https://nigerianqueries.com/ican-head-office-and-study-centre-addresses-in-lagos/,,,
10-education-professional-development,49,Nigerian Bar Association,researched,,,,,,,nigerianbar@nba.org.ng,https://achpr.au.int/fr/ngos/nigerian-bar-association-nba,,,
10-education-professional-development,50,Creative Lagos,unresearched,,,,,,,,,,,Not yet researched.
